{
  "type": "FeatureCollection",
  "name": "Warmenhuizen analytische containerzoekzones",
  "generatedAt": "2026-08-13T16:04:31.744Z",
  "coordinateReferenceSystem": "WGS84 (EPSG:4326)",
  "model": {
    "designMaximumWalkingDistanceM": 225,
    "searchZoneCount": 43,
    "totalContainersAt100AddressCapacity": 45,
    "totalContainersAt75AddressCapacity": 48,
    "status": "search-zone-anchor-not-build-pin"
  },
  "sourceFiles": [
    "recommended-locations.json",
    "aerial-assessment-sites-01-22.json",
    "aerial-assessment-sites-23-43.json"
  ],
  "features": [
    {
      "type": "Feature",
      "id": "site-01",
      "geometry": {
        "type": "Point",
        "coordinates": [
          4.7431,
          52.71804
        ]
      },
      "properties": {
        "site": 1,
        "searchZoneAddress": "Zigt 91",
        "street": "Zigt",
        "latitude": 52.71804,
        "longitude": 4.7431,
        "modelMaximumWalkingDistanceM": 225,
        "siteModelMaximumWalkingDistanceM": 223.2,
        "analyticalAssignedAddresses": 188,
        "meanWalkingDistanceM": 126.1,
        "p95WalkingDistanceM": 217.8,
        "containersAt100AddressCapacity": 2,
        "containersAt75AddressCapacity": 3,
        "ownershipScreen": "municipal-parcel-at-anchor",
        "municipalParcelAtAnchor": true,
        "municipalParcelIdAtAnchor": "WMH00G2723",
        "municipalParcelWithin25M": true,
        "ownershipAssessment": "positief op exacte anker, perceel WMH00G2723",
        "aerialRating": "groen",
        "aerialAssessment": "Het kruis ligt in de klinkerrijbaan bij een ruimere binnengebiedontsluiting. De exacte rijbaanpin is geen bouwvlak; op circa 24 meter ligt de bestaande restlocatie WH27.",
        "aerialHvcRouteAssessment": "Een 12,0 bij 3,1 meter voertuig kan de lokale route visueel benaderen, maar niet veilig op het kruis opstellen zonder de rijbaan te blokkeren. De feitelijk bestaande WH27-locatie is de sterkste aanwijzing dat lediging in deze zone uitvoerbaar is.",
        "aerialConfidence": "hoog",
        "localShiftInstruction": "Gebruik WH27 bij Zigt 97 als praktische bouw- en routepin en behoud site 1 alleen als afstandsanker.",
        "warnings": [
          "gepubliceerde gemeentelijke restlocatie WH27 ligt 24.2 m verderop en verdient voorkeur als bouwpin",
          "hijsen boven geparkeerde auto's",
          "korte afstand tot gevel en boom",
          "smalle gebogen binnengebiedroute"
        ],
        "requiredFieldChecks": [],
        "vehicleAccessScreen": {
          "positive": true,
          "nearestRouteDistanceM": 0,
          "highway": "residential",
          "routeName": "Verzetslaan",
          "access": null,
          "service": null
        },
        "nearestPublishedRestLocation": {
          "id": "WH27",
          "address": "Zigt 97",
          "distanceM": 24.2
        },
        "status": "search-zone-anchor-not-build-pin"
      }
    },
    {
      "type": "Feature",
      "id": "site-02",
      "geometry": {
        "type": "Point",
        "coordinates": [
          4.748411,
          52.726966
        ]
      },
      "properties": {
        "site": 2,
        "searchZoneAddress": "Kuipersven 36",
        "street": "Kuipersven",
        "latitude": 52.726966,
        "longitude": 4.748411,
        "modelMaximumWalkingDistanceM": 225,
        "siteModelMaximumWalkingDistanceM": 207.9,
        "analyticalAssignedAddresses": 96,
        "meanWalkingDistanceM": 113,
        "p95WalkingDistanceM": 198.3,
        "containersAt100AddressCapacity": 1,
        "containersAt75AddressCapacity": 1,
        "ownershipScreen": "municipal-parcel-at-anchor",
        "municipalParcelAtAnchor": true,
        "municipalParcelIdAtAnchor": "WMH00I506",
        "municipalParcelWithin25M": true,
        "ownershipAssessment": "positief op exacte anker, perceel WMH00I506",
        "aerialRating": "groen",
        "aerialAssessment": "De zoekzone ligt aan een relatief ruime, rechte woonstraat met een brede grasstrook aan de oostzijde. De bestaande restlocatie WH05 ligt slechts 10,2 meter van het kruis.",
        "aerialHvcRouteAssessment": "Een rechte opstelroute van circa 12 meter is zichtbaar plausibel, maar het kruis valt op een verkeersdrempel. Lediging van de bestaande WH05 is sterk praktijkbewijs voor de zone.",
        "aerialConfidence": "hoog",
        "localShiftInstruction": "Leg de analysegemarkeerde locatie vast op de bestaande WH05-pin en reserveer tijdens lediging een parkeervrije opstelstrook.",
        "warnings": [
          "gepubliceerde gemeentelijke restlocatie WH05 ligt 10.2 m verderop en verdient voorkeur als bouwpin",
          "verkeersdrempel op het modelpunt",
          "lichtmast en boom naast de grasstrook",
          "langsparkeren in de hijs- of veiligheidszone"
        ],
        "requiredFieldChecks": [],
        "vehicleAccessScreen": {
          "positive": true,
          "nearestRouteDistanceM": 0,
          "highway": "residential",
          "routeName": "Remmerdel",
          "access": null,
          "service": null
        },
        "nearestPublishedRestLocation": {
          "id": "WH05",
          "address": "Kuipersven 36",
          "distanceM": 10.2
        },
        "status": "search-zone-anchor-not-build-pin"
      }
    },
    {
      "type": "Feature",
      "id": "site-03",
      "geometry": {
        "type": "Point",
        "coordinates": [
          4.730812,
          52.721107
        ]
      },
      "properties": {
        "site": 3,
        "searchZoneAddress": "Goudsboer 2",
        "street": "Goudsboer",
        "latitude": 52.721107,
        "longitude": 4.730812,
        "modelMaximumWalkingDistanceM": 225,
        "siteModelMaximumWalkingDistanceM": 199.9,
        "analyticalAssignedAddresses": 105,
        "meanWalkingDistanceM": 128,
        "p95WalkingDistanceM": 191.9,
        "containersAt100AddressCapacity": 1,
        "containersAt75AddressCapacity": 1,
        "ownershipScreen": "municipal-parcel-at-anchor",
        "municipalParcelAtAnchor": true,
        "municipalParcelIdAtAnchor": "WMH00G2696",
        "municipalParcelWithin25M": true,
        "ownershipAssessment": "positief op exacte anker, perceel WMH00G2696",
        "aerialRating": "oranje",
        "aerialAssessment": "Het kruis ligt in een smalle klinkerstraat nabij een woonerf. Ten oosten en zuidoosten is een iets ruimere groen- en parkeerzone zichtbaar, maar geen ononderbroken bouwvlak bij het kruis.",
        "aerialHvcRouteAssessment": "Aanrijden is via een woonerf mogelijk, maar een vrije opstelstrook van 12,0 bij 3,1 meter zonder blokkering of krappe bocht is niet overtuigend zichtbaar.",
        "aerialConfidence": "middel",
        "localShiftInstruction": "Onderzoek 20 tot 35 meter oostelijk of zuidoostelijk de rand van de ruimere groen- en parkeerzone en herbereken de loopafstanden op die pin.",
        "warnings": [
          "krappe woonerfroute",
          "heesters en boomwortels",
          "water en erfgrenzen dichtbij",
          "geen duidelijk parkeervrij hijsvak"
        ],
        "requiredFieldChecks": [],
        "vehicleAccessScreen": {
          "positive": true,
          "nearestRouteDistanceM": 0,
          "highway": "living_street",
          "routeName": "Goudsboer",
          "access": null,
          "service": null
        },
        "nearestPublishedRestLocation": {
          "id": "WH18",
          "address": "Schelphoek Noord 48",
          "distanceM": 91.6
        },
        "status": "search-zone-anchor-not-build-pin"
      }
    },
    {
      "type": "Feature",
      "id": "site-04",
      "geometry": {
        "type": "Point",
        "coordinates": [
          4.741102,
          52.723389
        ]
      },
      "properties": {
        "site": 4,
        "searchZoneAddress": "Leuneweg 1",
        "street": "Leuneweg",
        "latitude": 52.723389,
        "longitude": 4.741102,
        "modelMaximumWalkingDistanceM": 225,
        "siteModelMaximumWalkingDistanceM": 207.9,
        "analyticalAssignedAddresses": 119,
        "meanWalkingDistanceM": 114.5,
        "p95WalkingDistanceM": 199.5,
        "containersAt100AddressCapacity": 1,
        "containersAt75AddressCapacity": 2,
        "ownershipScreen": "municipal-parcel-at-anchor",
        "municipalParcelAtAnchor": true,
        "municipalParcelIdAtAnchor": "WMH00G2658",
        "municipalParcelWithin25M": true,
        "ownershipAssessment": "positief op exacte anker, perceel WMH00G2658",
        "aerialRating": "rood",
        "aerialAssessment": "Het gemarkeerde punt ligt volgens BGT op een betegeld voetpad tussen achtererven en beplanting; de luchtfoto toont geen voertuigopstelplaats of containerbouwvlak.",
        "aerialHvcRouteAssessment": "De dichtstbijzijnde openbare voertuigroute ligt circa 12,5 meter van het punt. Een HVC-voertuig kan de pin niet rechtstreeks bereiken en een vrije hijszone ontbreekt.",
        "aerialConfidence": "hoog",
        "localShiftInstruction": "Verplaats het zoekpunt zuidoostelijk naar de Reijneweg of een aangrenzend breder parkeerhof, of neem de bestaande WH14-zone op circa 108 meter als alternatief; daarna opnieuw routeren.",
        "warnings": [
          "dichtstbijzijnde openbare voertuigroute ligt circa 12.5 m van het modelpunt",
          "voetpad zonder voertuigtoegang",
          "gevel binnen 5 meter",
          "boom, lichtmast en kast op het bouwvlak",
          "achtererven en smalle doorgang"
        ],
        "requiredFieldChecks": [],
        "vehicleAccessScreen": {
          "positive": true,
          "nearestRouteDistanceM": 12.5,
          "highway": "living_street",
          "routeName": "Reijneweg",
          "access": null,
          "service": null
        },
        "nearestPublishedRestLocation": {
          "id": "WH14",
          "address": "Doorbraak 23",
          "distanceM": 108.4
        },
        "status": "search-zone-anchor-not-build-pin"
      }
    },
    {
      "type": "Feature",
      "id": "site-05",
      "geometry": {
        "type": "Point",
        "coordinates": [
          4.738631,
          52.719005
        ]
      },
      "properties": {
        "site": 5,
        "searchZoneAddress": "Molenaarweg 3",
        "street": "Molenaarweg",
        "latitude": 52.719005,
        "longitude": 4.738631,
        "modelMaximumWalkingDistanceM": 225,
        "siteModelMaximumWalkingDistanceM": 219.4,
        "analyticalAssignedAddresses": 118,
        "meanWalkingDistanceM": 141.3,
        "p95WalkingDistanceM": 178.6,
        "containersAt100AddressCapacity": 1,
        "containersAt75AddressCapacity": 1,
        "ownershipScreen": "municipal-parcel-at-anchor",
        "municipalParcelAtAnchor": true,
        "municipalParcelIdAtAnchor": "WMH00G1784",
        "municipalParcelWithin25M": true,
        "ownershipAssessment": "positief op exacte anker, perceel WMH00G1784",
        "aerialRating": "oranje",
        "aerialAssessment": "Het kruis ligt in een smalle noord-zuidlopende woonstraat. Een grasstrook ligt direct oostelijk, maar die wordt begrensd door een watergang en oogt te smal voor vanzelfsprekende plaatsing.",
        "aerialHvcRouteAssessment": "Doorgaand aanrijden is visueel plausibel, maar stilstaan blokkeert waarschijnlijk de smalle straat en de ondergrondse bak komt dicht bij de watergang.",
        "aerialConfidence": "middel",
        "localShiftInstruction": "Zoek zuidelijk richting de ruimere kruising en vergelijk dit met de gemeentelijke WH25-zone op circa 67 meter; vermijd de oeverstrook.",
        "warnings": [
          "smalle opstelstrook",
          "waterkering of slappe oeverzone",
          "beperkte passeerruimte",
          "lichtmast"
        ],
        "requiredFieldChecks": [],
        "vehicleAccessScreen": {
          "positive": true,
          "nearestRouteDistanceM": 0,
          "highway": "residential",
          "routeName": "'t Jaerlinger",
          "access": null,
          "service": null
        },
        "nearestPublishedRestLocation": {
          "id": "WH25",
          "address": "Molenaarweg 42",
          "distanceM": 67.2
        },
        "status": "search-zone-anchor-not-build-pin"
      }
    },
    {
      "type": "Feature",
      "id": "site-06",
      "geometry": {
        "type": "Point",
        "coordinates": [
          4.740098,
          52.727288
        ]
      },
      "properties": {
        "site": 6,
        "searchZoneAddress": "Rietzangerstraat 3",
        "street": "Rietzangerstraat",
        "latitude": 52.727288,
        "longitude": 4.740098,
        "modelMaximumWalkingDistanceM": 225,
        "siteModelMaximumWalkingDistanceM": 196,
        "analyticalAssignedAddresses": 57,
        "meanWalkingDistanceM": 128.3,
        "p95WalkingDistanceM": 187.4,
        "containersAt100AddressCapacity": 1,
        "containersAt75AddressCapacity": 1,
        "ownershipScreen": "municipal-parcel-at-anchor",
        "municipalParcelAtAnchor": true,
        "municipalParcelIdAtAnchor": "WMH00G2037",
        "municipalParcelWithin25M": true,
        "ownershipAssessment": "positief op exacte anker, perceel WMH00G2037",
        "aerialRating": "oranje",
        "aerialAssessment": "Het modelpunt ligt in de rijbaan bij een bocht en een T-aansluiting. Ten zuiden en oosten zijn groenstroken zichtbaar, maar de directe rand is met heesters ingericht.",
        "aerialHvcRouteAssessment": "Aanrijden is mogelijk, maar de bocht en het eiland maken een recht en vrij 12-meter-opstelvak onzeker. De kraanopstelling mag de T-splitsing niet afsluiten.",
        "aerialConfidence": "middel",
        "localShiftInstruction": "Schuif 10 tot 20 meter oostelijk langs het rechtere straatdeel en onderzoek de groenrand buiten de bocht; toets de route met een voertuigmal.",
        "warnings": [
          "bocht en kruispuntconflict",
          "kast en groeninrichting",
          "boomkroon",
          "geen aantoonbaar rechte opstelstrook"
        ],
        "requiredFieldChecks": [],
        "vehicleAccessScreen": {
          "positive": true,
          "nearestRouteDistanceM": 0,
          "highway": "residential",
          "routeName": "Rietzangerstraat",
          "access": null,
          "service": null
        },
        "nearestPublishedRestLocation": {
          "id": "WH02",
          "address": "Dorpsstraat 13",
          "distanceM": 74.4
        },
        "status": "search-zone-anchor-not-build-pin"
      }
    },
    {
      "type": "Feature",
      "id": "site-07",
      "geometry": {
        "type": "Point",
        "coordinates": [
          4.727223,
          52.720613
        ]
      },
      "properties": {
        "site": 7,
        "searchZoneAddress": "Beuninge 80",
        "street": "Beuninge",
        "latitude": 52.720613,
        "longitude": 4.727223,
        "modelMaximumWalkingDistanceM": 225,
        "siteModelMaximumWalkingDistanceM": 200,
        "analyticalAssignedAddresses": 111,
        "meanWalkingDistanceM": 111.8,
        "p95WalkingDistanceM": 182.8,
        "containersAt100AddressCapacity": 1,
        "containersAt75AddressCapacity": 1,
        "ownershipScreen": "municipal-parcel-at-anchor",
        "municipalParcelAtAnchor": true,
        "municipalParcelIdAtAnchor": "WMH00G2696",
        "municipalParcelWithin25M": true,
        "ownershipAssessment": "positief op exacte anker, perceel WMH00G2696",
        "aerialRating": "rood",
        "aerialAssessment": "Het kruis ligt in een bocht direct bij woningen en een erf. Een groter grasvak ligt verder zuidelijk langs de lus, maar niet op de gemarkeerde plek.",
        "aerialHvcRouteAssessment": "De bocht, geparkeerde voertuigen en korte gevelafstand laten geen veilige rechte opstel- en hijszone zien.",
        "aerialConfidence": "hoog",
        "localShiftInstruction": "Verplaats 35 tot 55 meter zuidwestelijk naar de rechte rand van het grotere grasvak langs de lus en voer een nieuwe eigendoms- en afstandstoets uit.",
        "warnings": [
          "gevel op 5,5 meter",
          "bochtige woonerfroute",
          "boom en bosplantsoen",
          "omringende watergangen"
        ],
        "requiredFieldChecks": [],
        "vehicleAccessScreen": {
          "positive": true,
          "nearestRouteDistanceM": 0,
          "highway": "living_street",
          "routeName": "Beuninge",
          "access": null,
          "service": null
        },
        "nearestPublishedRestLocation": {
          "id": "WH16",
          "address": "Vijfven 16",
          "distanceM": 130.5
        },
        "status": "search-zone-anchor-not-build-pin"
      }
    },
    {
      "type": "Feature",
      "id": "site-08",
      "geometry": {
        "type": "Point",
        "coordinates": [
          4.7434,
          52.726883
        ]
      },
      "properties": {
        "site": 8,
        "searchZoneAddress": "Nachtegaalstraat 12",
        "street": "Nachtegaalstraat",
        "latitude": 52.726883,
        "longitude": 4.7434,
        "modelMaximumWalkingDistanceM": 225,
        "siteModelMaximumWalkingDistanceM": 216.7,
        "analyticalAssignedAddresses": 115,
        "meanWalkingDistanceM": 107.7,
        "p95WalkingDistanceM": 195.7,
        "containersAt100AddressCapacity": 1,
        "containersAt75AddressCapacity": 1,
        "ownershipScreen": "municipal-parcel-at-anchor",
        "municipalParcelAtAnchor": true,
        "municipalParcelIdAtAnchor": "WMH00G2037",
        "municipalParcelWithin25M": true,
        "ownershipAssessment": "positief op exacte anker, perceel WMH00G2037",
        "aerialRating": "rood",
        "aerialAssessment": "Het punt ligt midden in een dicht bebouwde woonstraatkruising. De luchtfoto toont parkeerplaatsen, voortuinen en kleine plantvakken, maar geen vrij containerbouwvlak.",
        "aerialHvcRouteAssessment": "Een voertuig kan de straat bereiken, maar de combinatie van kruising, parkeren en groenobjecten laat geen vrij 12-meter-opstelvak of veilige hijszone zien.",
        "aerialConfidence": "hoog",
        "localShiftInstruction": "Verplaats naar een grotere groen- of parkeerzoom buiten de woonstraatkruising; vergelijk daarbij expliciet de bestaande WH03-zone op circa 105 meter.",
        "warnings": [
          "kruispunt blokkeren",
          "parkeren direct rond de pin",
          "boom en lichtmast",
          "geen vrije ondergrondse footprint"
        ],
        "requiredFieldChecks": [],
        "vehicleAccessScreen": {
          "positive": true,
          "nearestRouteDistanceM": 0.1,
          "highway": "residential",
          "routeName": "Nachtegaalstraat",
          "access": null,
          "service": null
        },
        "nearestPublishedRestLocation": {
          "id": "WH04",
          "address": "Maasweid 1",
          "distanceM": 98.2
        },
        "status": "search-zone-anchor-not-build-pin"
      }
    },
    {
      "type": "Feature",
      "id": "site-09",
      "geometry": {
        "type": "Point",
        "coordinates": [
          4.75046,
          52.729656
        ]
      },
      "properties": {
        "site": 9,
        "searchZoneAddress": "Poolster 23",
        "street": "Poolster",
        "latitude": 52.729656,
        "longitude": 4.75046,
        "modelMaximumWalkingDistanceM": 225,
        "siteModelMaximumWalkingDistanceM": 224.2,
        "analyticalAssignedAddresses": 120,
        "meanWalkingDistanceM": 131,
        "p95WalkingDistanceM": 212.4,
        "containersAt100AddressCapacity": 2,
        "containersAt75AddressCapacity": 2,
        "ownershipScreen": "municipal-parcel-at-anchor",
        "municipalParcelAtAnchor": true,
        "municipalParcelIdAtAnchor": "WMH00I1067",
        "municipalParcelWithin25M": true,
        "ownershipAssessment": "positief op exacte anker, perceel WMH00I1067",
        "aerialRating": "groen",
        "aerialAssessment": "De jonge wijk heeft een rechte woonstraat met een brede, open grasstrook aan de oostzijde. De exacte pin ligt op de rijbaan, maar op enkele meters afstand is een geloofwaardige bouwzone zichtbaar.",
        "aerialHvcRouteAssessment": "Een rechte 12,0 bij 3,1 meter opstelstrook is visueel goed inpasbaar, mits tijdens lediging geen auto's tussen voertuig en bak staan.",
        "aerialConfidence": "hoog",
        "localShiftInstruction": "Schuif 4 tot 8 meter oostelijk de grasstrook in, buiten de lichtmastzone, en leg een parkeervrije servicezone vast.",
        "warnings": [
          "langsparkeren",
          "nog niet aantoonbare kabels en leidingen in de nieuwe wijk",
          "watergangen op grotere afstand aan oost- en zuidrand"
        ],
        "requiredFieldChecks": [],
        "vehicleAccessScreen": {
          "positive": true,
          "nearestRouteDistanceM": 0,
          "highway": "residential",
          "routeName": "Poolster",
          "access": null,
          "service": null
        },
        "nearestPublishedRestLocation": {
          "id": "WH34",
          "address": "Poolster 25",
          "distanceM": 92
        },
        "status": "search-zone-anchor-not-build-pin"
      }
    },
    {
      "type": "Feature",
      "id": "site-10",
      "geometry": {
        "type": "Point",
        "coordinates": [
          4.745902,
          52.722612
        ]
      },
      "properties": {
        "site": 10,
        "searchZoneAddress": "Puttersakker 19",
        "street": "Puttersakker",
        "latitude": 52.722612,
        "longitude": 4.745902,
        "modelMaximumWalkingDistanceM": 225,
        "siteModelMaximumWalkingDistanceM": 220.7,
        "analyticalAssignedAddresses": 102,
        "meanWalkingDistanceM": 102.6,
        "p95WalkingDistanceM": 175.6,
        "containersAt100AddressCapacity": 1,
        "containersAt75AddressCapacity": 2,
        "ownershipScreen": "municipal-parcel-at-anchor",
        "municipalParcelAtAnchor": true,
        "municipalParcelIdAtAnchor": "WMH00I695",
        "municipalParcelWithin25M": true,
        "ownershipAssessment": "positief op exacte anker, perceel WMH00I695",
        "aerialRating": "rood",
        "aerialAssessment": "Het kruis ligt op een woonerfkruising tussen rijwoningen en geparkeerde auto's. Kleine plantvakken bieden geen zichtbaar volwaardig bouwvlak.",
        "aerialHvcRouteAssessment": "De straat is bereikbaar, maar parkeren, een haakse aansluiting en groenobjecten maken een vrij en recht opstelvak onaannemelijk.",
        "aerialConfidence": "hoog",
        "localShiftInstruction": "Gebruik de ruimere gemeentelijke WH12-zone op circa 63 meter oostelijk als eerste alternatief en herbereken de dekking vanaf die bouwpin.",
        "warnings": [
          "hijsen boven auto's",
          "lichtmast en boom",
          "kruispuntblokkade",
          "smalle woonerfgeometrie"
        ],
        "requiredFieldChecks": [],
        "vehicleAccessScreen": {
          "positive": true,
          "nearestRouteDistanceM": 0,
          "highway": "living_street",
          "routeName": "Marlequi",
          "access": null,
          "service": null
        },
        "nearestPublishedRestLocation": {
          "id": "WH12",
          "address": "De Negen Geerzen 29",
          "distanceM": 63
        },
        "status": "search-zone-anchor-not-build-pin"
      }
    },
    {
      "type": "Feature",
      "id": "site-11",
      "geometry": {
        "type": "Point",
        "coordinates": [
          4.737802,
          52.724953
        ]
      },
      "properties": {
        "site": 11,
        "searchZoneAddress": "Burg. Burgerstraat 20",
        "street": "Burg. Burgerstraat",
        "latitude": 52.724953,
        "longitude": 4.737802,
        "modelMaximumWalkingDistanceM": 225,
        "siteModelMaximumWalkingDistanceM": 200.7,
        "analyticalAssignedAddresses": 53,
        "meanWalkingDistanceM": 117.5,
        "p95WalkingDistanceM": 194.8,
        "containersAt100AddressCapacity": 1,
        "containersAt75AddressCapacity": 1,
        "ownershipScreen": "municipal-parcel-at-anchor",
        "municipalParcelAtAnchor": true,
        "municipalParcelIdAtAnchor": "WMH00G2687",
        "municipalParcelWithin25M": true,
        "ownershipAssessment": "positief op exacte anker, perceel WMH00G2687",
        "aerialRating": "rood",
        "aerialAssessment": "Het modelpunt ligt aan het einde van een smalle parkeerstraat tegen een parkpad. Open gras ligt noordelijk, maar tussen veel volwassen bomen en zonder doorgaande voertuigroute.",
        "aerialHvcRouteAssessment": "De luchtfoto toont een doodlopend einde zonder overtuigende keermogelijkheid voor een voertuig van circa 12 meter; achteruitrijden lijkt nodig.",
        "aerialConfidence": "hoog",
        "localShiftInstruction": "Zoek zuidelijk richting een doorgaande kruising of aan de westelijke parkzoom met in- en uitrit; de nieuwe pin moet opnieuw in de loopoptimalisatie worden opgenomen.",
        "warnings": [
          "doodlopende aanrijroute",
          "langsparkeren",
          "volwassen bomen en wortelzones",
          "parkpad in plaats van uitrijroute"
        ],
        "requiredFieldChecks": [],
        "vehicleAccessScreen": {
          "positive": true,
          "nearestRouteDistanceM": 0,
          "highway": "residential",
          "routeName": "Kerkhoflaantje",
          "access": null,
          "service": null
        },
        "nearestPublishedRestLocation": {
          "id": "WH08",
          "address": "Dorpsstraat 89",
          "distanceM": 99.9
        },
        "status": "search-zone-anchor-not-build-pin"
      }
    },
    {
      "type": "Feature",
      "id": "site-12",
      "geometry": {
        "type": "Point",
        "coordinates": [
          4.738293,
          52.726561
        ]
      },
      "properties": {
        "site": 12,
        "searchZoneAddress": "Oud Wulpendorp 11",
        "street": "Oud Wulpendorp",
        "latitude": 52.726561,
        "longitude": 4.738293,
        "modelMaximumWalkingDistanceM": 225,
        "siteModelMaximumWalkingDistanceM": 223.9,
        "analyticalAssignedAddresses": 77,
        "meanWalkingDistanceM": 127.5,
        "p95WalkingDistanceM": 222.9,
        "containersAt100AddressCapacity": 1,
        "containersAt75AddressCapacity": 1,
        "ownershipScreen": "municipal-parcel-at-anchor",
        "municipalParcelAtAnchor": true,
        "municipalParcelIdAtAnchor": "WMH00G1671",
        "municipalParcelWithin25M": true,
        "ownershipAssessment": "positief op exacte anker, perceel WMH00G1671",
        "aerialRating": "rood",
        "aerialAssessment": "Het kruis ligt in een smalle T-aansluiting, direct tussen woningen, opritten en een klein plant- of speelvak. Er is geen vrije bouwstrook zichtbaar.",
        "aerialHvcRouteAssessment": "Een 12-meter-voertuig moet bij de T-aansluiting manoeuvreren en zou de straat grotendeels blokkeren; de vrije hijszone is onvoldoende.",
        "aerialConfidence": "hoog",
        "localShiftInstruction": "Onderzoek de gemeentelijke WH07-zone op circa 82 meter of een ruimere groenrand langs de doorgaande Dorpsstraat en herbereken vanaf die locatie.",
        "warnings": [
          "gevel op 6,9 meter",
          "kast en speelvoorziening",
          "krappe T-aansluiting",
          "geen afzonderlijk opstelvak"
        ],
        "requiredFieldChecks": [],
        "vehicleAccessScreen": {
          "positive": true,
          "nearestRouteDistanceM": 0,
          "highway": "residential",
          "routeName": "Oud Wulpendorp",
          "access": null,
          "service": null
        },
        "nearestPublishedRestLocation": {
          "id": "WH07",
          "address": "Dorpsstraat 37",
          "distanceM": 81.5
        },
        "status": "search-zone-anchor-not-build-pin"
      }
    },
    {
      "type": "Feature",
      "id": "site-13",
      "geometry": {
        "type": "Point",
        "coordinates": [
          4.744779,
          52.719149
        ]
      },
      "properties": {
        "site": 13,
        "searchZoneAddress": "Verzetslaan 13",
        "street": "Verzetslaan",
        "latitude": 52.719149,
        "longitude": 4.744779,
        "modelMaximumWalkingDistanceM": 225,
        "siteModelMaximumWalkingDistanceM": 222.3,
        "analyticalAssignedAddresses": 103,
        "meanWalkingDistanceM": 117.8,
        "p95WalkingDistanceM": 213.2,
        "containersAt100AddressCapacity": 1,
        "containersAt75AddressCapacity": 1,
        "ownershipScreen": "municipal-parcel-at-anchor",
        "municipalParcelAtAnchor": true,
        "municipalParcelIdAtAnchor": "WMH00G2723",
        "municipalParcelWithin25M": true,
        "ownershipAssessment": "positief op exacte anker, perceel WMH00G2723",
        "aerialRating": "rood",
        "aerialAssessment": "De pin ligt in een vrijwel volledig verharde woonstraat zonder zichtbare openbare zijberm. Woningen, opritten en parkeerplaatsen begrenzen de rijbaan.",
        "aerialHvcRouteAssessment": "De straat is bereikbaar en heeft oostelijk een kleine keerlus, maar op het modelpunt ontbreekt ruimte voor de bak en een parkeervrije hijszone.",
        "aerialConfidence": "hoog",
        "localShiftInstruction": "Verplaats richting de ruimere groenrand of de gemeentelijke WH28-zone op circa 94 meter oostelijk en toets de resulterende loopafstand opnieuw.",
        "warnings": [
          "geen groen- of trottoirbouwvlak",
          "parkeren en opritten",
          "lichtmast",
          "woonstraat grotendeels blokkeren"
        ],
        "requiredFieldChecks": [],
        "vehicleAccessScreen": {
          "positive": true,
          "nearestRouteDistanceM": 0.1,
          "highway": "residential",
          "routeName": "Verzetslaan",
          "access": null,
          "service": null
        },
        "nearestPublishedRestLocation": {
          "id": "WH28",
          "address": "Zigt 1",
          "distanceM": 93.8
        },
        "status": "search-zone-anchor-not-build-pin"
      }
    },
    {
      "type": "Feature",
      "id": "site-14",
      "geometry": {
        "type": "Point",
        "coordinates": [
          4.734768,
          52.722359
        ]
      },
      "properties": {
        "site": 14,
        "searchZoneAddress": "Stationsstraat 22A",
        "street": "Stationsstraat",
        "latitude": 52.722359,
        "longitude": 4.734768,
        "modelMaximumWalkingDistanceM": 225,
        "siteModelMaximumWalkingDistanceM": 173.5,
        "analyticalAssignedAddresses": 26,
        "meanWalkingDistanceM": 100.8,
        "p95WalkingDistanceM": 169.8,
        "containersAt100AddressCapacity": 1,
        "containersAt75AddressCapacity": 1,
        "ownershipScreen": "municipal-parcel-at-anchor",
        "municipalParcelAtAnchor": true,
        "municipalParcelIdAtAnchor": "WMH00G2696",
        "municipalParcelWithin25M": true,
        "ownershipAssessment": "positief op exacte anker, perceel WMH00G2696",
        "aerialRating": "oranje",
        "aerialAssessment": "De Stationsstraat is een duidelijke doorgaande route. Ten zuidwesten ligt een groot openbaar ogend grasveld en noordwestelijk een ruim verhard erf; het kruis zelf ligt in de rijbaan bij een kruising.",
        "aerialHvcRouteAssessment": "Een rechte 12-meter-opstelroute is op de Stationsstraat plausibel, maar niet precies op het kruispunt. Een bouwvak in de grasrand moet buiten boomkronen en verblijfsmeubilair liggen.",
        "aerialConfidence": "middel",
        "localShiftInstruction": "Schuif westelijk of zuidwestelijk naar een open segment langs het grasveld, met voldoende afstand tot bomen, bank en kruising; leg de stopplek langs het rechte straatdeel.",
        "warnings": [
          "kruispunt en oversteek",
          "volwassen bomen en wortelzones",
          "bank, bordpaal en kast",
          "mogelijk sport- of verblijfsgebruik van het grasveld"
        ],
        "requiredFieldChecks": [],
        "vehicleAccessScreen": {
          "positive": true,
          "nearestRouteDistanceM": 0.1,
          "highway": "residential",
          "routeName": "Stationsstraat",
          "access": null,
          "service": null
        },
        "nearestPublishedRestLocation": {
          "id": "WH13",
          "address": "Alingterp 2",
          "distanceM": 115.8
        },
        "status": "search-zone-anchor-not-build-pin"
      }
    },
    {
      "type": "Feature",
      "id": "site-15",
      "geometry": {
        "type": "Point",
        "coordinates": [
          4.742866,
          52.729332
        ]
      },
      "properties": {
        "site": 15,
        "searchZoneAddress": "Oostwal 79",
        "street": "Oostwal",
        "latitude": 52.729332,
        "longitude": 4.742866,
        "modelMaximumWalkingDistanceM": 225,
        "siteModelMaximumWalkingDistanceM": 215.5,
        "analyticalAssignedAddresses": 49,
        "meanWalkingDistanceM": 117,
        "p95WalkingDistanceM": 204.5,
        "containersAt100AddressCapacity": 1,
        "containersAt75AddressCapacity": 1,
        "ownershipScreen": "municipal-parcel-at-anchor",
        "municipalParcelAtAnchor": true,
        "municipalParcelIdAtAnchor": "WMH00G1667",
        "municipalParcelWithin25M": true,
        "ownershipAssessment": "positief op exacte anker, perceel WMH00G1667",
        "aerialRating": "rood",
        "aerialAssessment": "Het kruis ligt op een smalle asfaltweg in lintbebouwing. De bermen zijn grotendeels oprit of erf en er is geen duidelijk openbaar bouwvlak zichtbaar.",
        "aerialHvcRouteAssessment": "Doorgaand rijden is mogelijk, maar stilstaan met een circa 3,1 meter breed voertuig blokkeert waarschijnlijk de Oostwal en de kraan zou dicht bij particuliere erven werken.",
        "aerialConfidence": "hoog",
        "localShiftInstruction": "Zoek zuidelijk bij de zichtbaar bredere kruising of een aantoonbaar gemeentelijk bermvak; houd de bak uit de sloot- en erfzone en herbereken de dekking.",
        "warnings": [
          "geen openbaar zijvlak",
          "smalle lintweg",
          "particuliere opritten en gevels",
          "sloten en zachte bermen"
        ],
        "requiredFieldChecks": [],
        "vehicleAccessScreen": {
          "positive": true,
          "nearestRouteDistanceM": 0,
          "highway": "unclassified",
          "routeName": "Oostwal",
          "access": null,
          "service": null
        },
        "nearestPublishedRestLocation": {
          "id": "WH01",
          "address": "Oostwal 37",
          "distanceM": 232.9
        },
        "status": "search-zone-anchor-not-build-pin"
      }
    },
    {
      "type": "Feature",
      "id": "site-16",
      "geometry": {
        "type": "Point",
        "coordinates": [
          4.743329,
          52.725414
        ]
      },
      "properties": {
        "site": 16,
        "searchZoneAddress": "De Baan 27",
        "street": "De Baan",
        "latitude": 52.725414,
        "longitude": 4.743329,
        "modelMaximumWalkingDistanceM": 225,
        "siteModelMaximumWalkingDistanceM": 207.5,
        "analyticalAssignedAddresses": 49,
        "meanWalkingDistanceM": 113.3,
        "p95WalkingDistanceM": 195.8,
        "containersAt100AddressCapacity": 1,
        "containersAt75AddressCapacity": 1,
        "ownershipScreen": "municipal-parcel-at-anchor",
        "municipalParcelAtAnchor": true,
        "municipalParcelIdAtAnchor": "WMH00G2037",
        "municipalParcelWithin25M": true,
        "ownershipAssessment": "positief op exacte anker, perceel WMH00G2037",
        "aerialRating": "groen",
        "aerialAssessment": "Aan de zuidzijde van de rechte woonstraat ligt een brede parkachtige grasrand. De gemeentelijke conceptlocatie WH10 ligt slechts 6,4 meter van het kruis.",
        "aerialHvcRouteAssessment": "Een rechte opstelstrook langs De Baan en een bouwvlak in de grasrand zijn visueel plausibel. De boomwortelzone en exacte kraanzijde moeten nog worden ingemeten.",
        "aerialConfidence": "hoog",
        "localShiftInstruction": "Gebruik de WH10-conceptpin als voorkeurspositie en leg het ondergrondse deel 3 tot 7 meter zuidelijk van de rijbaan, in een aantoonbare open ruimte tussen wortelzones.",
        "warnings": [
          "gepubliceerde gemeentelijke restlocatie WH10 ligt 6.4 m verderop en verdient voorkeur als bouwpin",
          "wortelzones van parkbomen",
          "parkpad en voetgangers",
          "lichtmast",
          "nog onbekende kabels en leidingen"
        ],
        "requiredFieldChecks": [],
        "vehicleAccessScreen": {
          "positive": true,
          "nearestRouteDistanceM": 0,
          "highway": "residential",
          "routeName": "De Baan",
          "access": null,
          "service": null
        },
        "nearestPublishedRestLocation": {
          "id": "WH10",
          "address": "De Baan 27",
          "distanceM": 6.4
        },
        "status": "search-zone-anchor-not-build-pin"
      }
    },
    {
      "type": "Feature",
      "id": "site-17",
      "geometry": {
        "type": "Point",
        "coordinates": [
          4.731269,
          52.717586
        ]
      },
      "properties": {
        "site": 17,
        "searchZoneAddress": "De Cres 14",
        "street": "De Cres",
        "latitude": 52.717586,
        "longitude": 4.731269,
        "modelMaximumWalkingDistanceM": 225,
        "siteModelMaximumWalkingDistanceM": 184.2,
        "analyticalAssignedAddresses": 20,
        "meanWalkingDistanceM": 95.6,
        "p95WalkingDistanceM": 181.4,
        "containersAt100AddressCapacity": 1,
        "containersAt75AddressCapacity": 1,
        "ownershipScreen": "municipal-parcel-at-anchor",
        "municipalParcelAtAnchor": true,
        "municipalParcelIdAtAnchor": "WMH00H1276",
        "municipalParcelWithin25M": true,
        "ownershipAssessment": "positief op exacte anker, perceel WMH00H1276",
        "aerialRating": "oranje",
        "aerialAssessment": "Het punt ligt op een brede asfaltkruising in een bedrijfsgebied. Verharde erven en brede rijbanen bieden manoeuvreerruimte, maar geen duidelijk afzonderlijk openbaar containerbouwvlak.",
        "aerialHvcRouteAssessment": "Aanrijden en doorgaand verlaten met een groot voertuig zijn geloofwaardig. De opstelling moet uit de kruising en uit bedrijfsinritten worden geschoven.",
        "aerialConfidence": "middel",
        "localShiftInstruction": "Onderzoek 10 tot 20 meter oostelijk of noordoostelijk een gemeentelijk verhard zijvak langs het rechte wegdeel en borg vrije bedrijfsinritten.",
        "warnings": [
          "bedrijfsinritten en vrachtbewegingen",
          "gevel op 8,3 meter",
          "mogelijk particulier verhard erf",
          "kruispuntblokkade"
        ],
        "requiredFieldChecks": [],
        "vehicleAccessScreen": {
          "positive": true,
          "nearestRouteDistanceM": 0,
          "highway": "unclassified",
          "routeName": "Bregweid",
          "access": null,
          "service": null
        },
        "nearestPublishedRestLocation": {
          "id": "WH35",
          "address": "Kruising Oudevaart-Bregweid",
          "distanceM": 218.1
        },
        "status": "search-zone-anchor-not-build-pin"
      }
    },
    {
      "type": "Feature",
      "id": "site-18",
      "geometry": {
        "type": "Point",
        "coordinates": [
          4.738858,
          52.729632
        ]
      },
      "properties": {
        "site": 18,
        "searchZoneAddress": "De Fuik 10",
        "street": "De Fuik",
        "latitude": 52.729632,
        "longitude": 4.738858,
        "modelMaximumWalkingDistanceM": 225,
        "siteModelMaximumWalkingDistanceM": 182,
        "analyticalAssignedAddresses": 20,
        "meanWalkingDistanceM": 119.6,
        "p95WalkingDistanceM": 181.3,
        "containersAt100AddressCapacity": 1,
        "containersAt75AddressCapacity": 1,
        "ownershipScreen": "municipal-parcel-at-anchor",
        "municipalParcelAtAnchor": true,
        "municipalParcelIdAtAnchor": "WMH00G2659",
        "municipalParcelWithin25M": true,
        "ownershipAssessment": "positief op exacte anker, perceel WMH00G2659",
        "aerialRating": "rood",
        "aerialAssessment": "Het kruis ligt in een zeer smalle, kronkelende woon- en erftoegang tussen vrijstaande woningen. Open groen ligt verder weg, maar niet direct aan een geschikte openbare opstelroute.",
        "aerialHvcRouteAssessment": "Een voertuig van circa 12 meter kan hier niet overtuigend keren of passeren zonder particuliere ruimte te gebruiken; achteruitrijden is waarschijnlijk.",
        "aerialConfidence": "hoog",
        "localShiftInstruction": "Verplaats noord- of westwaarts naar een openbare rand aan een doorgaande route, of combineer deze vraagzone met site 6 of 22; voer daarna de afstandsoptimalisatie opnieuw uit.",
        "warnings": [
          "gevel op 5,9 meter",
          "route door erfachtige ruimte",
          "geen zichtbaar bouwvlak",
          "geen veilige keermogelijkheid"
        ],
        "requiredFieldChecks": [],
        "vehicleAccessScreen": {
          "positive": true,
          "nearestRouteDistanceM": 0,
          "highway": "residential",
          "routeName": "De Fuik",
          "access": null,
          "service": null
        },
        "nearestPublishedRestLocation": {
          "id": "WH02",
          "address": "Dorpsstraat 13",
          "distanceM": 210.9
        },
        "status": "search-zone-anchor-not-build-pin"
      }
    },
    {
      "type": "Feature",
      "id": "site-19",
      "geometry": {
        "type": "Point",
        "coordinates": [
          4.746141,
          52.724896
        ]
      },
      "properties": {
        "site": 19,
        "searchZoneAddress": "Remmerdel 46",
        "street": "Remmerdel",
        "latitude": 52.724896,
        "longitude": 4.746141,
        "modelMaximumWalkingDistanceM": 225,
        "siteModelMaximumWalkingDistanceM": 224.5,
        "analyticalAssignedAddresses": 35,
        "meanWalkingDistanceM": 150.7,
        "p95WalkingDistanceM": 212.5,
        "containersAt100AddressCapacity": 1,
        "containersAt75AddressCapacity": 1,
        "ownershipScreen": "municipal-parcel-at-anchor",
        "municipalParcelAtAnchor": true,
        "municipalParcelIdAtAnchor": "WMH00I381",
        "municipalParcelWithin25M": true,
        "ownershipAssessment": "positief op exacte anker, perceel WMH00I381",
        "aerialRating": "rood",
        "aerialAssessment": "Het modelpunt ligt midden op een voetpad in een door water omsloten grasgebied. De dichtstbijzijnde woonstraat ligt aan de noordzijde, via een smalle voetgangersbrug.",
        "aerialHvcRouteAssessment": "De openbare voertuigroute ligt circa 54,8 meter van het modelpunt. Een HVC-voertuig kan de pin niet bereiken; de voetgangersbrug en het pad zijn geen opstelroute.",
        "aerialConfidence": "hoog",
        "localShiftInstruction": "Verplaats 55 tot 75 meter noordelijk naar de Remmerdel-zijde van de brug en zoek daar een wegberm- of parkeerrand; herbereken de loopafstand vanaf de nieuwe pin.",
        "warnings": [
          "dichtstbijzijnde openbare voertuigroute ligt circa 54.8 m van het modelpunt",
          "grote BAG-netwerksnap van 68.4 m",
          "geen voertuigtoegang",
          "water aan drie zijden",
          "voetpad en smalle brug",
          "boom en lichtmast op het zoekvlak"
        ],
        "requiredFieldChecks": [],
        "vehicleAccessScreen": {
          "positive": true,
          "nearestRouteDistanceM": 54.8,
          "highway": "residential",
          "routeName": "Remmerdel",
          "access": null,
          "service": null
        },
        "nearestPublishedRestLocation": {
          "id": "WH10",
          "address": "De Baan 27",
          "distanceM": 196.9
        },
        "status": "search-zone-anchor-not-build-pin"
      }
    },
    {
      "type": "Feature",
      "id": "site-20",
      "geometry": {
        "type": "Point",
        "coordinates": [
          4.729308,
          52.722228
        ]
      },
      "properties": {
        "site": 20,
        "searchZoneAddress": "Wonge 1",
        "street": "Wonge",
        "latitude": 52.722228,
        "longitude": 4.729308,
        "modelMaximumWalkingDistanceM": 225,
        "siteModelMaximumWalkingDistanceM": 189.4,
        "analyticalAssignedAddresses": 66,
        "meanWalkingDistanceM": 95.5,
        "p95WalkingDistanceM": 162.4,
        "containersAt100AddressCapacity": 1,
        "containersAt75AddressCapacity": 1,
        "ownershipScreen": "municipal-parcel-at-anchor",
        "municipalParcelAtAnchor": true,
        "municipalParcelIdAtAnchor": "WMH00G2696",
        "municipalParcelWithin25M": true,
        "ownershipAssessment": "positief op exacte anker, perceel WMH00G2696",
        "aerialRating": "oranje",
        "aerialAssessment": "Het kruis ligt bij de aansluiting van Wonge op de Stationsstraat, vrijwel gelijk aan de gemeentelijke conceptlocatie WH17. Een kleine groenrand ligt naast de lokale straat, maar de exacte pin valt in de rijbaan en onder boomkronen.",
        "aerialHvcRouteAssessment": "Aanrijden via de lokale straat is plausibel, maar lediging mag niet op de doorgaande Stationsstraat plaatsvinden. De route door Wonge moet aantonen dat zonder achteruitrijden kan worden doorgereden.",
        "aerialConfidence": "middel",
        "localShiftInstruction": "Gebruik WH17 als referentie en schuif 5 tot 15 meter zuidelijk de Wonge in, naar een open gemeentelijke groen- of trottoirrand; toets een doorgaande HVC-route zonder stop op de Stationsstraat.",
        "warnings": [
          "gepubliceerde gemeentelijke restlocatie WH17 ligt 2.6 m verderop en verdient voorkeur als bouwpin",
          "conflict met doorgaand verkeer op Stationsstraat",
          "boom, heesters en lichtmast",
          "krappe aansluiting",
          "onbewezen uitrijroute door de woonbuurt"
        ],
        "requiredFieldChecks": [],
        "vehicleAccessScreen": {
          "positive": true,
          "nearestRouteDistanceM": 0,
          "highway": "residential",
          "routeName": "Wonge",
          "access": null,
          "service": null
        },
        "nearestPublishedRestLocation": {
          "id": "WH17",
          "address": "Stationsstraat 65",
          "distanceM": 2.6
        },
        "status": "search-zone-anchor-not-build-pin"
      }
    },
    {
      "type": "Feature",
      "id": "site-21",
      "geometry": {
        "type": "Point",
        "coordinates": [
          4.73755,
          52.71901
        ]
      },
      "properties": {
        "site": 21,
        "searchZoneAddress": "'t Eiland 2",
        "street": "'t Eiland",
        "latitude": 52.71901,
        "longitude": 4.73755,
        "modelMaximumWalkingDistanceM": 225,
        "siteModelMaximumWalkingDistanceM": 190.2,
        "analyticalAssignedAddresses": 77,
        "meanWalkingDistanceM": 112.4,
        "p95WalkingDistanceM": 173.3,
        "containersAt100AddressCapacity": 1,
        "containersAt75AddressCapacity": 1,
        "ownershipScreen": "municipal-parcel-at-anchor",
        "municipalParcelAtAnchor": true,
        "municipalParcelIdAtAnchor": "WMH00G2574",
        "municipalParcelWithin25M": true,
        "ownershipAssessment": "positief op exacte anker, perceel WMH00G2574",
        "aerialRating": "rood",
        "aerialAssessment": "Het punt ligt in een smalle kruising van historische woonstraten. De randen bestaan uit erven, hagen, bomen en opritten; een zelfstandig openbaar bouwvlak is niet zichtbaar.",
        "aerialHvcRouteAssessment": "De kronkelende, smalle straten en de kruising bieden geen overtuigend recht 12-meter-opstelvak; stilstaan zou de lokale ontsluiting blokkeren.",
        "aerialConfidence": "hoog",
        "localShiftInstruction": "Verplaats richting de gemeentelijke WH25-zone bij Molenaarweg 42 op circa 91 meter zuidoostelijk en herbereken de dekking; onderzoek of site 5 en 21 kunnen worden samengevoegd.",
        "warnings": [
          "smalle historische straatgeometrie",
          "boom, haag en lichtmast",
          "particuliere erfgrenzen",
          "geen parkeervrij hijsvak"
        ],
        "requiredFieldChecks": [],
        "vehicleAccessScreen": {
          "positive": true,
          "nearestRouteDistanceM": 0,
          "highway": "residential",
          "routeName": "'t Eiland",
          "access": null,
          "service": null
        },
        "nearestPublishedRestLocation": {
          "id": "WH25",
          "address": "Molenaarweg 42",
          "distanceM": 90.5
        },
        "status": "search-zone-anchor-not-build-pin"
      }
    },
    {
      "type": "Feature",
      "id": "site-22",
      "geometry": {
        "type": "Point",
        "coordinates": [
          4.739324,
          52.727714
        ]
      },
      "properties": {
        "site": 22,
        "searchZoneAddress": "Dorpsstraat 15",
        "street": "Dorpsstraat",
        "latitude": 52.727714,
        "longitude": 4.739324,
        "modelMaximumWalkingDistanceM": 225,
        "siteModelMaximumWalkingDistanceM": 219.2,
        "analyticalAssignedAddresses": 67,
        "meanWalkingDistanceM": 96.8,
        "p95WalkingDistanceM": 192.1,
        "containersAt100AddressCapacity": 1,
        "containersAt75AddressCapacity": 1,
        "ownershipScreen": "municipal-parcel-at-anchor",
        "municipalParcelAtAnchor": true,
        "municipalParcelIdAtAnchor": "WMH00G1673",
        "municipalParcelWithin25M": true,
        "ownershipAssessment": "positief op exacte anker, perceel WMH00G1673",
        "aerialRating": "oranje",
        "aerialAssessment": "De zoekzone ligt op een relatief ruim meerarmig kruispunt met een groen vak en enkele parkeer- of opstelvakken. De gemeentelijke WH02-conceptpin ligt slechts 4,1 meter van het kruis.",
        "aerialHvcRouteAssessment": "Een groot voertuig kan de zone waarschijnlijk bereiken en verlaten, maar de opstelstrook mag niet midden op de kruising liggen en de kraan mag niet over geparkeerde auto's hijsen.",
        "aerialConfidence": "middel",
        "localShiftInstruction": "Neem WH02 als voorkeurszoekpin en schuif zo nodig 4 tot 10 meter westelijk of noordwestelijk naar een vrij randvak buiten de rijlijnen; verifieer met een voertuigmal en parkeerregime.",
        "warnings": [
          "gepubliceerde gemeentelijke restlocatie WH02 ligt 4.1 m verderop en verdient voorkeur als bouwpin",
          "kruispuntblokkade",
          "gevel op 9,2 meter",
          "parkeren in de hijszone",
          "lichtmast, boom en kast"
        ],
        "requiredFieldChecks": [],
        "vehicleAccessScreen": {
          "positive": true,
          "nearestRouteDistanceM": 0,
          "highway": "residential",
          "routeName": "Hartendorp",
          "access": null,
          "service": null
        },
        "nearestPublishedRestLocation": {
          "id": "WH02",
          "address": "Dorpsstraat 13",
          "distanceM": 4.1
        },
        "status": "search-zone-anchor-not-build-pin"
      }
    },
    {
      "type": "Feature",
      "id": "site-23",
      "geometry": {
        "type": "Point",
        "coordinates": [
          4.74049,
          52.721046
        ]
      },
      "properties": {
        "site": 23,
        "searchZoneAddress": "Pastoor Willemsestraat 98A",
        "street": "Pastoor Willemsestraat",
        "latitude": 52.721046,
        "longitude": 4.74049,
        "modelMaximumWalkingDistanceM": 225,
        "siteModelMaximumWalkingDistanceM": 217,
        "analyticalAssignedAddresses": 15,
        "meanWalkingDistanceM": 127.9,
        "p95WalkingDistanceM": 211.7,
        "containersAt100AddressCapacity": 1,
        "containersAt75AddressCapacity": 1,
        "ownershipScreen": "municipal-parcel-at-anchor",
        "municipalParcelAtAnchor": true,
        "municipalParcelIdAtAnchor": "WMH00G1919",
        "municipalParcelWithin25M": true,
        "ownershipAssessment": "positief op exacte pin, perceel WMH00G1919",
        "aerialRating": "oranje",
        "aerialAssessment": "Pin ligt op een betegeld voetpad langs de westelijke oever; direct westelijk liggen gras, heg, parkeerplaatsen en begraafplaats, met slechts een smalle strook.",
        "aerialHvcRouteAssessment": "Niet op de exacte pin: het voertuig kan niet over het voetpad langs het water opstellen. De Pastoor Willemsestraat zuidelijk van het water is wel bereikbaar, maar de kraan zou niet veilig over water, bomen of auto's mogen hijsen.",
        "aerialConfidence": null,
        "localShiftInstruction": "Onderzoek een verschuiving circa 25-40 meter zuidwest naar een verbrede, verharde rand aan de Pastoor Willemsestraat; behoud afstand tot de waterkant en begraafplaats en voorkom hijsen over parkeerplaatsen.",
        "warnings": [
          "dichtstbijzijnde openbare voertuigroute ligt circa 13.1 m van het modelpunt",
          "waterloop op circa 6 meter",
          "bomenrij en heg",
          "geparkeerde auto's vlak westelijk",
          "voetpad in plaats van rijbaan"
        ],
        "requiredFieldChecks": [
          "exacte eigendomsgrens",
          "oeverstabiliteit",
          "bomen en kroonvrije ruimte",
          "KLIC",
          "HVC-opstel- en hijsplan"
        ],
        "vehicleAccessScreen": {
          "positive": true,
          "nearestRouteDistanceM": 13.1,
          "highway": "service",
          "routeName": null,
          "access": null,
          "service": "parking_aisle"
        },
        "nearestPublishedRestLocation": {
          "id": "WH24",
          "address": "Pastoor Willemsestraat 80",
          "distanceM": 36.5
        },
        "status": "search-zone-anchor-not-build-pin"
      }
    },
    {
      "type": "Feature",
      "id": "site-24",
      "geometry": {
        "type": "Point",
        "coordinates": [
          4.7281,
          52.716019
        ]
      },
      "properties": {
        "site": 24,
        "searchZoneAddress": "Oudevaart 87",
        "street": "Oudevaart",
        "latitude": 52.716019,
        "longitude": 4.7281,
        "modelMaximumWalkingDistanceM": 225,
        "siteModelMaximumWalkingDistanceM": 170.6,
        "analyticalAssignedAddresses": 10,
        "meanWalkingDistanceM": 92.8,
        "p95WalkingDistanceM": 160.3,
        "containersAt100AddressCapacity": 1,
        "containersAt75AddressCapacity": 1,
        "ownershipScreen": "municipal-parcel-at-anchor",
        "municipalParcelAtAnchor": true,
        "municipalParcelIdAtAnchor": "WMH00H1719",
        "municipalParcelWithin25M": true,
        "ownershipAssessment": "positief op exacte pin, perceel WMH00H1719",
        "aerialRating": "groen",
        "aerialAssessment": "Asfaltweg met relatief open berm- en grasruimte aan de noord- en oostzijde; de pin zelf ligt midden op de rijbaan.",
        "aerialHvcRouteAssessment": "Doorgaande brede lokale weg en zijweg maken een voorwaartse aan- en afrijroute plausibel. Opstellen langs de rijbaan lijkt mogelijk als doorgang en kruising vrij blijven.",
        "aerialConfidence": null,
        "localShiftInstruction": "Projecteer de container niet op het asfalt maar circa 6-10 meter noord/noordoost in de gemeentelijke grasstrook, buiten de greppel en boomprojectie, met kraanbereik vanaf Oudevaart.",
        "warnings": [
          "gepubliceerde gemeentelijke restlocatie WH22 ligt 17.3 m verderop en verdient voorkeur als bouwpin",
          "greppel of droge sloot op circa 11 meter",
          "lichtmast op circa 11 meter",
          "boom op circa 16 meter",
          "gevel op circa 14 meter"
        ],
        "requiredFieldChecks": [
          "greppelprofiel",
          "draagkracht berm en stempelvlak",
          "kruispuntzicht",
          "KLIC",
          "HVC-kraanbereik"
        ],
        "vehicleAccessScreen": {
          "positive": true,
          "nearestRouteDistanceM": 0.1,
          "highway": "unclassified",
          "routeName": "Oudevaart",
          "access": null,
          "service": null
        },
        "nearestPublishedRestLocation": {
          "id": "WH22",
          "address": "Oudevaart 87",
          "distanceM": 17.3
        },
        "status": "search-zone-anchor-not-build-pin"
      }
    },
    {
      "type": "Feature",
      "id": "site-25",
      "geometry": {
        "type": "Point",
        "coordinates": [
          4.7501,
          52.726951
        ]
      },
      "properties": {
        "site": 25,
        "searchZoneAddress": "Heerlijkheid 16",
        "street": "Heerlijkheid",
        "latitude": 52.726951,
        "longitude": 4.7501,
        "modelMaximumWalkingDistanceM": 225,
        "siteModelMaximumWalkingDistanceM": 192.4,
        "analyticalAssignedAddresses": 83,
        "meanWalkingDistanceM": 91.1,
        "p95WalkingDistanceM": 170.2,
        "containersAt100AddressCapacity": 1,
        "containersAt75AddressCapacity": 1,
        "ownershipScreen": "municipal-parcel-at-anchor",
        "municipalParcelAtAnchor": true,
        "municipalParcelIdAtAnchor": "WMH00I1012",
        "municipalParcelWithin25M": true,
        "ownershipAssessment": "positief op exacte pin, perceel WMH00I1012",
        "aerialRating": "oranje",
        "aerialAssessment": "De 2026-luchtfoto toont een bouwrijpe of nog in aanleg zijnde buurt; de pin ligt op een verhard of halfverhard kruispunt naast water en bebouwing in aanbouw.",
        "aerialHvcRouteAssessment": "Een voertuigroute lijkt geometrisch mogelijk, maar de definitieve rijbaanbreedte, keerlus en parkeerindeling zijn uit de momentopname niet betrouwbaar af te leiden.",
        "aerialConfidence": null,
        "localShiftInstruction": "Reserveer een vak aan de westzijde van de noord-zuidstraat, circa 10-20 meter noordwest van de pin en weg van de waterkant; toets aan de definitieve inrichtingstekening van de nieuwbouw.",
        "warnings": [
          "waterloop circa 12 meter",
          "bebouwing circa 12 meter",
          "onzekere definitieve inrichting",
          "mogelijk doodlopende of krappe bouwstraat"
        ],
        "requiredFieldChecks": [
          "as-built BGT en civiele tekening",
          "definitieve verkeersroute",
          "waterkering en talud",
          "KLIC",
          "HVC-draaicirkel"
        ],
        "vehicleAccessScreen": {
          "positive": true,
          "nearestRouteDistanceM": 0,
          "highway": "residential",
          "routeName": "Heerlijkheid",
          "access": null,
          "service": null
        },
        "nearestPublishedRestLocation": {
          "id": "WH06",
          "address": "Soeverein 2",
          "distanceM": 71.9
        },
        "status": "search-zone-anchor-not-build-pin"
      }
    },
    {
      "type": "Feature",
      "id": "site-26",
      "geometry": {
        "type": "Point",
        "coordinates": [
          4.73373,
          52.72325
        ]
      },
      "properties": {
        "site": 26,
        "searchZoneAddress": "Veilingweg 74A",
        "street": "Veilingweg",
        "latitude": 52.72325,
        "longitude": 4.73373,
        "modelMaximumWalkingDistanceM": 225,
        "siteModelMaximumWalkingDistanceM": 188.5,
        "analyticalAssignedAddresses": 8,
        "meanWalkingDistanceM": 149.3,
        "p95WalkingDistanceM": 186.6,
        "containersAt100AddressCapacity": 1,
        "containersAt75AddressCapacity": 1,
        "ownershipScreen": "municipal-parcel-at-anchor",
        "municipalParcelAtAnchor": true,
        "municipalParcelIdAtAnchor": "WMH00F636",
        "municipalParcelWithin25M": true,
        "ownershipAssessment": "positief op exacte pin, perceel WMH00F636",
        "aerialRating": "rood",
        "aerialAssessment": "Pin ligt midden op een smalle bedrijfsstraat; aan beide zijden staan bedrijfsgebouwen, geparkeerde voertuigen en erfopgangen.",
        "aerialHvcRouteAssessment": "Een 12 meter voertuig kan mogelijk doorrijden, maar opstellen zou de straat blokkeren en de hijsruimte wordt door gevels, parkeren en bedrijfsverkeer beperkt.",
        "aerialConfidence": null,
        "localShiftInstruction": "Verlaat deze pin; zoek westelijk of noordwestelijk langs een bredere Veilingweg-rand of een publiek parkeerterrein met vrije opstelstrook, niet in deze bedrijfsstraat.",
        "warnings": [
          "grote BAG-netwerksnap van 70.7 m",
          "panden op circa 10 meter",
          "lichtmast circa 10 meter",
          "lage trafo circa 15 meter",
          "parkeren en laadbewegingen",
          "nauwe straatdoorsnede"
        ],
        "requiredFieldChecks": [
          "alternatieve gemeentelijke strook",
          "bedrijfslogistiek",
          "vrije hijszone",
          "KLIC",
          "HVC-route"
        ],
        "vehicleAccessScreen": {
          "positive": true,
          "nearestRouteDistanceM": 0,
          "highway": "residential",
          "routeName": "De Huisweid",
          "access": null,
          "service": null
        },
        "nearestPublishedRestLocation": {
          "id": "WH13",
          "address": "Alingterp 2",
          "distanceM": 104.3
        },
        "status": "search-zone-anchor-not-build-pin"
      }
    },
    {
      "type": "Feature",
      "id": "site-27",
      "geometry": {
        "type": "Point",
        "coordinates": [
          4.733817,
          52.716958
        ]
      },
      "properties": {
        "site": 27,
        "searchZoneAddress": "Bregweid 1",
        "street": "Bregweid",
        "latitude": 52.716958,
        "longitude": 4.733817,
        "modelMaximumWalkingDistanceM": 225,
        "siteModelMaximumWalkingDistanceM": 161.2,
        "analyticalAssignedAddresses": 15,
        "meanWalkingDistanceM": 105.5,
        "p95WalkingDistanceM": 142.8,
        "containersAt100AddressCapacity": 1,
        "containersAt75AddressCapacity": 1,
        "ownershipScreen": "municipal-parcel-at-anchor",
        "municipalParcelAtAnchor": true,
        "municipalParcelIdAtAnchor": "WMH00H1094",
        "municipalParcelWithin25M": true,
        "ownershipAssessment": "positief op exacte pin, perceel WMH00H1094",
        "aerialRating": "oranje",
        "aerialAssessment": "Smalle asfaltstraat met een duidelijke grasstrook aan de oostzijde direct ten noordoosten van de pin; woningen en inritten liggen dichtbij.",
        "aerialHvcRouteAssessment": "Voorwaarts doorrijden lijkt mogelijk, maar opstellen blokkeert waarschijnlijk tijdelijk de woonstraat; de noordelijke aansluiting oogt bruikbaarder dan het zuidelijke voet- of groengebied.",
        "aerialConfidence": null,
        "localShiftInstruction": "Verschuif circa 8-15 meter noordoost naar de rand van de grote grasstrook en laat de rijloper vrij; benut een kraanopstelling vanaf de rechte straatsectie.",
        "warnings": [
          "gepubliceerde gemeentelijke restlocatie WH35 ligt 44.4 m verderop en verdient voorkeur als bouwpin",
          "woonstraat met beperkte breedte",
          "inritten",
          "lichtmast circa 10 meter",
          "gevel circa 17 meter"
        ],
        "requiredFieldChecks": [
          "breedte en passeerruimte",
          "inritvrijstand",
          "gevelafstand",
          "KLIC",
          "stempelbelasting"
        ],
        "vehicleAccessScreen": {
          "positive": true,
          "nearestRouteDistanceM": 0,
          "highway": "unclassified",
          "routeName": "Bregweid",
          "access": null,
          "service": null
        },
        "nearestPublishedRestLocation": {
          "id": "WH35",
          "address": "Kruising Oudevaart-Bregweid",
          "distanceM": 44.4
        },
        "status": "search-zone-anchor-not-build-pin"
      }
    },
    {
      "type": "Feature",
      "id": "site-28",
      "geometry": {
        "type": "Point",
        "coordinates": [
          4.742236,
          52.723875
        ]
      },
      "properties": {
        "site": 28,
        "searchZoneAddress": "Langedijker 13",
        "street": "Langedijker",
        "latitude": 52.723875,
        "longitude": 4.742236,
        "modelMaximumWalkingDistanceM": 225,
        "siteModelMaximumWalkingDistanceM": 206.6,
        "analyticalAssignedAddresses": 80,
        "meanWalkingDistanceM": 112.7,
        "p95WalkingDistanceM": 188.6,
        "containersAt100AddressCapacity": 1,
        "containersAt75AddressCapacity": 1,
        "ownershipScreen": "municipal-parcel-at-anchor",
        "municipalParcelAtAnchor": true,
        "municipalParcelIdAtAnchor": "WMH00G2658",
        "municipalParcelWithin25M": true,
        "ownershipAssessment": "positief op exacte pin, perceel WMH00G2658",
        "aerialRating": "rood",
        "aerialAssessment": "Dichte woonstraat; de pin ligt op klinkerrijbaan met huizen, erven en geparkeerde auto's direct rondom.",
        "aerialHvcRouteAssessment": "Doorrijden is mogelijk voor regulier verkeer, maar een lang inzamelvoertuig heeft hier geen overtuigende vrije opstel- en hijszone zonder de straat te blokkeren.",
        "aerialConfidence": null,
        "localShiftInstruction": "Zoek circa 60-90 meter west/noordwest bij het ruimere speel- of parkeervak aan de rand van de buurt; toets daar bereik en bomen opnieuw.",
        "warnings": [
          "pand circa 7,5 meter",
          "boom circa 7,9 meter",
          "lichtmast circa 7 meter",
          "parkeren",
          "geen zichtbaar ruim plantvak"
        ],
        "requiredFieldChecks": [
          "alternatieve eigendom",
          "parkeerbalans",
          "boomkronen",
          "HVC-draaicirkel",
          "KLIC"
        ],
        "vehicleAccessScreen": {
          "positive": true,
          "nearestRouteDistanceM": 0,
          "highway": "living_street",
          "routeName": "Langedijker",
          "access": null,
          "service": null
        },
        "nearestPublishedRestLocation": {
          "id": "WH11",
          "address": "Wiekeland 2",
          "distanceM": 107.2
        },
        "status": "search-zone-anchor-not-build-pin"
      }
    },
    {
      "type": "Feature",
      "id": "site-29",
      "geometry": {
        "type": "Point",
        "coordinates": [
          4.733879,
          52.720964
        ]
      },
      "properties": {
        "site": 29,
        "searchZoneAddress": "Schelphoek Zuid 32",
        "street": "Schelphoek Zuid",
        "latitude": 52.720964,
        "longitude": 4.733879,
        "modelMaximumWalkingDistanceM": 225,
        "siteModelMaximumWalkingDistanceM": 177.1,
        "analyticalAssignedAddresses": 71,
        "meanWalkingDistanceM": 106,
        "p95WalkingDistanceM": 174.9,
        "containersAt100AddressCapacity": 1,
        "containersAt75AddressCapacity": 1,
        "ownershipScreen": "municipal-parcel-at-anchor",
        "municipalParcelAtAnchor": true,
        "municipalParcelIdAtAnchor": "WMH00G491",
        "municipalParcelWithin25M": true,
        "ownershipAssessment": "positief op exacte pin, perceel WMH00G491",
        "aerialRating": "oranje",
        "aerialAssessment": "Asfaltbocht met aan de oostzijde een open agrarische rand en aan de westzijde woningen; de feitelijke berm is smal.",
        "aerialHvcRouteAssessment": "De doorgaande lus maakt voorwaarts rijden plausibel, maar opstellen in de bocht is verkeerskundig ongunstig en vrije hijsruimte ontbreekt op de exacte pin.",
        "aerialConfidence": null,
        "localShiftInstruction": "Schuif 20-35 meter zuid langs het rechte deel van Schelphoek Zuid of naar een verbreding westelijk, buiten boom-, kast- en waterzone.",
        "warnings": [
          "gepubliceerde gemeentelijke restlocatie WH19 ligt 4 m verderop en verdient voorkeur als bouwpin",
          "boom en lichtmast beide circa 5,4 meter",
          "waterloop circa 7,7 meter",
          "kast circa 7,9 meter",
          "bocht en kruispunt",
          "gevel circa 14 meter"
        ],
        "requiredFieldChecks": [
          "zichtlijnen in bocht",
          "waterafstand",
          "kabelkast en KLIC",
          "boomwortels",
          "HVC-stoppositie"
        ],
        "vehicleAccessScreen": {
          "positive": true,
          "nearestRouteDistanceM": 0,
          "highway": "residential",
          "routeName": "Zwartepad",
          "access": null,
          "service": null
        },
        "nearestPublishedRestLocation": {
          "id": "WH19",
          "address": "Zwartepad 32",
          "distanceM": 4
        },
        "status": "search-zone-anchor-not-build-pin"
      }
    },
    {
      "type": "Feature",
      "id": "site-30",
      "geometry": {
        "type": "Point",
        "coordinates": [
          4.731121,
          52.718727
        ]
      },
      "properties": {
        "site": 30,
        "searchZoneAddress": "De Camper 1",
        "street": "De Camper",
        "latitude": 52.718727,
        "longitude": 4.731121,
        "modelMaximumWalkingDistanceM": 225,
        "siteModelMaximumWalkingDistanceM": 199.7,
        "analyticalAssignedAddresses": 11,
        "meanWalkingDistanceM": 132.7,
        "p95WalkingDistanceM": 198.1,
        "containersAt100AddressCapacity": 1,
        "containersAt75AddressCapacity": 1,
        "ownershipScreen": "municipal-parcel-at-anchor",
        "municipalParcelAtAnchor": true,
        "municipalParcelIdAtAnchor": "WMH00G2664",
        "municipalParcelWithin25M": true,
        "ownershipAssessment": "positief op exacte pin, perceel WMH00G2664",
        "aerialRating": "groen",
        "aerialAssessment": "Brede, rechte asfaltstraat in bedrijfsgebied met verharde erven; ten noordwesten ligt een zichtbare open parkeerstrook of pleinhoek.",
        "aerialHvcRouteAssessment": "Voorwaartse aan- en afrijroute en een rechte opstelpositie zijn overtuigend plausibel. Er lijkt ruimte voor het voertuig zonder scherpe keerbeweging.",
        "aerialConfidence": null,
        "localShiftInstruction": "Onderzoek een vak circa 8-15 meter noordwest van de pin aan de rand van de verharde pleinhoek, zodat de doorgaande rijbaan vrij blijft en niet over auto's wordt gehesen.",
        "warnings": [
          "bedrijfspand circa 11,5 meter",
          "lichtmast circa 11 meter",
          "erfverkeer",
          "mogelijk particulier gebruik van aangrenzende verharding"
        ],
        "requiredFieldChecks": [
          "publiek-private grens",
          "parkeer- en laadregime",
          "draagkracht",
          "vrije hijshoogte",
          "KLIC"
        ],
        "vehicleAccessScreen": {
          "positive": true,
          "nearestRouteDistanceM": 0,
          "highway": "unclassified",
          "routeName": "De Camper",
          "access": null,
          "service": null
        },
        "nearestPublishedRestLocation": {
          "id": "WH20",
          "address": "Oudewal 24",
          "distanceM": 110.1
        },
        "status": "search-zone-anchor-not-build-pin"
      }
    },
    {
      "type": "Feature",
      "id": "site-31",
      "geometry": {
        "type": "Point",
        "coordinates": [
          4.737998,
          52.721751
        ]
      },
      "properties": {
        "site": 31,
        "searchZoneAddress": "Dorpsstraat 140",
        "street": "Dorpsstraat",
        "latitude": 52.721751,
        "longitude": 4.737998,
        "modelMaximumWalkingDistanceM": 225,
        "siteModelMaximumWalkingDistanceM": 201.9,
        "analyticalAssignedAddresses": 105,
        "meanWalkingDistanceM": 130.8,
        "p95WalkingDistanceM": 194.9,
        "containersAt100AddressCapacity": 1,
        "containersAt75AddressCapacity": 1,
        "ownershipScreen": "municipal-parcel-at-anchor",
        "municipalParcelAtAnchor": true,
        "municipalParcelIdAtAnchor": "WMH00G2401",
        "municipalParcelWithin25M": true,
        "ownershipAssessment": "positief op exacte pin, perceel WMH00G2401",
        "aerialRating": "rood",
        "aerialAssessment": "Historische, dichte kern met smalle klinkerstraat, bomen, geparkeerde voertuigen en gevels zeer dichtbij.",
        "aerialHvcRouteAssessment": "Een circa 12 meter voertuig kan hier niet overtuigend veilig opstellen zonder blokkade; kroonvrije hijsruimte en afstand tot gevels zijn zeer twijfelachtig.",
        "aerialConfidence": null,
        "localShiftInstruction": "Verplaats de zoekzone 80-120 meter zuid naar een ruimere openbare rand bij Theresiaplein of een parkeerterrein, en herbereken de loopafstanden vanaf die alternatieve pin.",
        "warnings": [
          "pand circa 8,4 meter",
          "boom circa 5,5 meter",
          "verkeersbordpaal circa 4,6 meter",
          "parkeren",
          "smalle en gebogen straat"
        ],
        "requiredFieldChecks": [
          "alternatieve eigendom",
          "monumentale of historische omgeving",
          "parkeerbalans",
          "bomen",
          "HVC-route"
        ],
        "vehicleAccessScreen": {
          "positive": true,
          "nearestRouteDistanceM": 0,
          "highway": "residential",
          "routeName": "Dorpsstraat",
          "access": null,
          "service": null
        },
        "nearestPublishedRestLocation": {
          "id": "WH23",
          "address": "Molenaarsweg 7",
          "distanceM": 161.5
        },
        "status": "search-zone-anchor-not-build-pin"
      }
    },
    {
      "type": "Feature",
      "id": "site-32",
      "geometry": {
        "type": "Point",
        "coordinates": [
          4.748183,
          52.727455
        ]
      },
      "properties": {
        "site": 32,
        "searchZoneAddress": "De Spanakker 1",
        "street": "De Spanakker",
        "latitude": 52.727455,
        "longitude": 4.748183,
        "modelMaximumWalkingDistanceM": 225,
        "siteModelMaximumWalkingDistanceM": 185.3,
        "analyticalAssignedAddresses": 38,
        "meanWalkingDistanceM": 102.4,
        "p95WalkingDistanceM": 176.5,
        "containersAt100AddressCapacity": 1,
        "containersAt75AddressCapacity": 1,
        "ownershipScreen": "municipal-parcel-at-anchor",
        "municipalParcelAtAnchor": true,
        "municipalParcelIdAtAnchor": "WMH00I535",
        "municipalParcelWithin25M": true,
        "ownershipAssessment": "positief op exacte pin, perceel WMH00I535",
        "aerialRating": "oranje",
        "aerialAssessment": "Woonstraatkruising met een relatief brede, nog kale groenstrook aan de oostzijde; de pin ligt op klinkerrijbaan.",
        "aerialHvcRouteAssessment": "Aanrijden via de gebogen hoofdstraat lijkt plausibel, maar opstellen op het kruispunt is ongeschikt en de woonstraten zijn niet royaal.",
        "aerialConfidence": null,
        "localShiftInstruction": "Verschuif 10-20 meter noordoost in de brede groenstrook, met bediening vanaf het rechte stuk en buiten kruispunt, afsluitpaal en toekomstige boomkronen.",
        "warnings": [
          "afsluitpaal circa 4,1 meter",
          "heesters circa 3,5 meter",
          "boom circa 8,5 meter",
          "woonstraat en kruising"
        ],
        "requiredFieldChecks": [
          "definitieve groeninrichting",
          "kruispuntzicht",
          "ondergrond en drainage",
          "KLIC",
          "HVC-draaicirkel"
        ],
        "vehicleAccessScreen": {
          "positive": true,
          "nearestRouteDistanceM": 0,
          "highway": "residential",
          "routeName": "Remmerdel",
          "access": null,
          "service": null
        },
        "nearestPublishedRestLocation": {
          "id": "WH05",
          "address": "Kuipersven 36",
          "distanceM": 66.2
        },
        "status": "search-zone-anchor-not-build-pin"
      }
    },
    {
      "type": "Feature",
      "id": "site-33",
      "geometry": {
        "type": "Point",
        "coordinates": [
          4.743017,
          52.730007
        ]
      },
      "properties": {
        "site": 33,
        "searchZoneAddress": "Oostwal 63",
        "street": "Oostwal",
        "latitude": 52.730007,
        "longitude": 4.743017,
        "modelMaximumWalkingDistanceM": 225,
        "siteModelMaximumWalkingDistanceM": 185.7,
        "analyticalAssignedAddresses": 17,
        "meanWalkingDistanceM": 114.1,
        "p95WalkingDistanceM": 159.7,
        "containersAt100AddressCapacity": 1,
        "containersAt75AddressCapacity": 1,
        "ownershipScreen": "municipal-parcel-at-anchor",
        "municipalParcelAtAnchor": true,
        "municipalParcelIdAtAnchor": "WMH00G1667",
        "municipalParcelWithin25M": true,
        "ownershipAssessment": "positief op exacte pin, perceel WMH00G1667",
        "aerialRating": "rood",
        "aerialAssessment": "Smalle lintweg met bebouwing, erven en geparkeerde auto's direct aan weerszijden; geen zichtbare ruime openbare strook.",
        "aerialHvcRouteAssessment": "Doorgaand rijden is denkbaar, maar een veilige 12 x 3,10 meter opstelstrook zonder blokkeren of hijsen nabij gevels is op deze pin niet zichtbaar.",
        "aerialConfidence": null,
        "localShiftInstruction": "Zoek 60-100 meter noord of zuid naar een aantoonbaar bredere gemeentelijke berm of zijwegmond, met voldoende afstand tot woningen en eventuele sloten.",
        "warnings": [
          "pand circa 7 meter",
          "erven circa 4 meter",
          "parkeren",
          "smalle rijbaan",
          "landelijke bermen verderop mogelijk met sloten"
        ],
        "requiredFieldChecks": [
          "alternatieve eigendom",
          "bermbreedte en sloot",
          "gevelafstand",
          "draagkracht",
          "HVC-stopproef"
        ],
        "vehicleAccessScreen": {
          "positive": true,
          "nearestRouteDistanceM": 0,
          "highway": "unclassified",
          "routeName": "Oostwal",
          "access": null,
          "service": null
        },
        "nearestPublishedRestLocation": {
          "id": "WH01",
          "address": "Oostwal 37",
          "distanceM": 157.7
        },
        "status": "search-zone-anchor-not-build-pin"
      }
    },
    {
      "type": "Feature",
      "id": "site-34",
      "geometry": {
        "type": "Point",
        "coordinates": [
          4.736527,
          52.723232
        ]
      },
      "properties": {
        "site": 34,
        "searchZoneAddress": "Posthoorn 10",
        "street": "Posthoorn",
        "latitude": 52.723232,
        "longitude": 4.736527,
        "modelMaximumWalkingDistanceM": 225,
        "siteModelMaximumWalkingDistanceM": 219.3,
        "analyticalAssignedAddresses": 67,
        "meanWalkingDistanceM": 143.8,
        "p95WalkingDistanceM": 205.1,
        "containersAt100AddressCapacity": 1,
        "containersAt75AddressCapacity": 1,
        "ownershipScreen": "municipal-parcel-at-anchor",
        "municipalParcelAtAnchor": true,
        "municipalParcelIdAtAnchor": "WMH00G1",
        "municipalParcelWithin25M": true,
        "ownershipAssessment": "positief op exacte pin, perceel WMH00G1",
        "aerialRating": "rood",
        "aerialAssessment": "Smalle woonstraat met parkeerstroken en aaneengesloten voorgevels; de pin ligt op de klinkerrijbaan.",
        "aerialHvcRouteAssessment": "Tijdelijk opstellen zou de straat vrijwel geheel blokkeren en er is geen overtuigende vrije hijszone naast de rijbaan.",
        "aerialConfidence": null,
        "localShiftInstruction": "Zoek richting west/noordwest bij de bredere Dorpsstraat- of parkeeromgeving, niet tussen de woningen van Posthoorn; herbereken vanaf de alternatieve locatie.",
        "warnings": [
          "pand circa 7,3 meter",
          "parkeren aan beide zijden",
          "lichtmast circa 10 meter",
          "boom circa 10,5 meter",
          "geen zichtbaar groot plantvak"
        ],
        "requiredFieldChecks": [
          "alternatieve gemeentelijke grond",
          "parkeerdruk",
          "gevelafstand",
          "boomkroon",
          "HVC-route"
        ],
        "vehicleAccessScreen": {
          "positive": true,
          "nearestRouteDistanceM": 0,
          "highway": "residential",
          "routeName": "Posthoorn",
          "access": null,
          "service": null
        },
        "nearestPublishedRestLocation": {
          "id": "WH13",
          "address": "Alingterp 2",
          "distanceM": 86.2
        },
        "status": "search-zone-anchor-not-build-pin"
      }
    },
    {
      "type": "Feature",
      "id": "site-35",
      "geometry": {
        "type": "Point",
        "coordinates": [
          4.726936,
          52.719263
        ]
      },
      "properties": {
        "site": 35,
        "searchZoneAddress": "Oudewal 51",
        "street": "Oudewal",
        "latitude": 52.719263,
        "longitude": 4.726936,
        "modelMaximumWalkingDistanceM": 225,
        "siteModelMaximumWalkingDistanceM": 212.8,
        "analyticalAssignedAddresses": 39,
        "meanWalkingDistanceM": 113.3,
        "p95WalkingDistanceM": 198.5,
        "containersAt100AddressCapacity": 1,
        "containersAt75AddressCapacity": 1,
        "ownershipScreen": "municipal-parcel-at-anchor",
        "municipalParcelAtAnchor": true,
        "municipalParcelIdAtAnchor": "WMH00G766",
        "municipalParcelWithin25M": true,
        "ownershipAssessment": "positief op exacte pin, perceel WMH00G766",
        "aerialRating": "oranje",
        "aerialAssessment": "Relatief brede asfaltweg nabij een kruising en provinciale weg; aan de noordzijde ligt een berm, aan de zuidzijde staan geparkeerde auto's.",
        "aerialHvcRouteAssessment": "De doorgaande route is geschikt ogend voor zwaar verkeer, maar opstellen nabij de kruising en provinciale aansluiting vraagt verkeerskundige afscherming; exacte pin is rijbaan.",
        "aerialConfidence": null,
        "localShiftInstruction": "Onderzoek een verschuiving 15-30 meter oost naar een recht wegvak met bruikbare berm, buiten boom en greppel, en verbied parkeren tijdens lediging.",
        "warnings": [
          "gepubliceerde gemeentelijke restlocatie WH21 ligt 45.2 m verderop en verdient voorkeur als bouwpin",
          "boom circa 6,3 meter",
          "greppel of droge sloot circa 7,6 meter",
          "heesters en berm",
          "parkeren",
          "kruispunt nabij"
        ],
        "requiredFieldChecks": [
          "wegbeheerder en verkeersveiligheid",
          "greppel",
          "boomwortels",
          "stempelvlak",
          "HVC-stoppositie"
        ],
        "vehicleAccessScreen": {
          "positive": true,
          "nearestRouteDistanceM": 0,
          "highway": "unclassified",
          "routeName": "Oudewal",
          "access": null,
          "service": null
        },
        "nearestPublishedRestLocation": {
          "id": "WH21",
          "address": "Oudewal 57",
          "distanceM": 45.2
        },
        "status": "search-zone-anchor-not-build-pin"
      }
    },
    {
      "type": "Feature",
      "id": "site-36",
      "geometry": {
        "type": "Point",
        "coordinates": [
          4.738286,
          52.729323
        ]
      },
      "properties": {
        "site": 36,
        "searchZoneAddress": "De Fuik 14",
        "street": "De Fuik",
        "latitude": 52.729323,
        "longitude": 4.738286,
        "modelMaximumWalkingDistanceM": 225,
        "siteModelMaximumWalkingDistanceM": 166.2,
        "analyticalAssignedAddresses": 2,
        "meanWalkingDistanceM": 83.1,
        "p95WalkingDistanceM": 157.9,
        "containersAt100AddressCapacity": 1,
        "containersAt75AddressCapacity": 1,
        "ownershipScreen": "no-municipal-parcel-within-25m",
        "municipalParcelAtAnchor": false,
        "municipalParcelIdAtAnchor": null,
        "municipalParcelWithin25M": false,
        "ownershipAssessment": "negatief op exacte pin; geen gemeentelijk perceel binnen 25 meter in de openbare eigendomsscreen",
        "aerialRating": "rood",
        "aerialAssessment": "Exacte pin ligt op een private inrit of erf, direct naast een pand en in een landelijk woonlint.",
        "aerialHvcRouteAssessment": "De exacte route lijkt op een doodlopende of private toegang waar een lang voertuig moet keren of achteruitrijden; niet plausibel als openbare HVC-opstelplaats.",
        "aerialConfidence": null,
        "localShiftInstruction": "Verlaat de exacte pin en zoek 40-70 meter oost bij de openbare Oostwal/De Fuik-aansluiting op gemeentelijke grond; voorkom een doodlopende bediening.",
        "warnings": [
          "geen gemeentelijk perceel binnen 25 m in openbare screen",
          "pand circa 4,7 meter",
          "private inrit of erf",
          "smalle toegangsweg",
          "geen publiek opstelvak"
        ],
        "requiredFieldChecks": [
          "exacte gemeentelijke alternatieve pin",
          "keermogelijkheid",
          "achteruitrijverbod",
          "gevelafstand",
          "KLIC"
        ],
        "vehicleAccessScreen": {
          "positive": true,
          "nearestRouteDistanceM": 0,
          "highway": "service",
          "routeName": "Veilingweg",
          "access": null,
          "service": null
        },
        "nearestPublishedRestLocation": {
          "id": "WH02",
          "address": "Dorpsstraat 13",
          "distanceM": 187.3
        },
        "status": "search-zone-anchor-not-build-pin"
      }
    },
    {
      "type": "Feature",
      "id": "site-37",
      "geometry": {
        "type": "Point",
        "coordinates": [
          4.742833,
          52.716676
        ]
      },
      "properties": {
        "site": 37,
        "searchZoneAddress": "Schoffel 1",
        "street": "Schoffel",
        "latitude": 52.716676,
        "longitude": 4.742833,
        "modelMaximumWalkingDistanceM": 225,
        "siteModelMaximumWalkingDistanceM": 221.9,
        "analyticalAssignedAddresses": 59,
        "meanWalkingDistanceM": 117,
        "p95WalkingDistanceM": 201.3,
        "containersAt100AddressCapacity": 1,
        "containersAt75AddressCapacity": 1,
        "ownershipScreen": "municipal-parcel-at-anchor",
        "municipalParcelAtAnchor": true,
        "municipalParcelIdAtAnchor": "WMH00G2723",
        "municipalParcelWithin25M": true,
        "ownershipAssessment": "positief op exacte pin, perceel WMH00G2723",
        "aerialRating": "oranje",
        "aerialAssessment": "Pin ligt op de toegang van een woonbuurt, met open gras aan noordwestzijde maar water aan meerdere kanten; bij de aansluiting op Debbemeerweg staan bomen.",
        "aerialHvcRouteAssessment": "De wijktoegang is bereikbaar, maar een voertuigopstelling op of nabij de dam kan doorgang blokkeren en de manoeuvreerruimte is beperkt.",
        "aerialConfidence": null,
        "localShiftInstruction": "Onderzoek 15-25 meter noord op de graszoom vóór de woonstraten of een opstelplek aan de zuidelijke Debbemeerwegzijde; houd kraan en fundering ruim van water en bomen.",
        "warnings": [
          "gepubliceerde gemeentelijke restlocatie WH29 ligt 7 m verderop en verdient voorkeur als bouwpin",
          "waterloop circa 12,7 meter",
          "boom circa 10,5 meter",
          "lichtmast circa 7,4 meter",
          "kunstobject circa 7,8 meter",
          "smalle brug- of damtoegang"
        ],
        "requiredFieldChecks": [
          "draagkracht dam en oever",
          "vrije doorgang",
          "boomkronen",
          "waterbeheerder",
          "HVC-draaicirkel"
        ],
        "vehicleAccessScreen": {
          "positive": true,
          "nearestRouteDistanceM": 0,
          "highway": "residential",
          "routeName": "Verzetslaan",
          "access": null,
          "service": null
        },
        "nearestPublishedRestLocation": {
          "id": "WH29",
          "address": "Schoffel 1",
          "distanceM": 7
        },
        "status": "search-zone-anchor-not-build-pin"
      }
    },
    {
      "type": "Feature",
      "id": "site-38",
      "geometry": {
        "type": "Point",
        "coordinates": [
          4.7397,
          52.716574
        ]
      },
      "properties": {
        "site": 38,
        "searchZoneAddress": "Debbemeerweg 33",
        "street": "Debbemeerweg",
        "latitude": 52.716574,
        "longitude": 4.7397,
        "modelMaximumWalkingDistanceM": 225,
        "siteModelMaximumWalkingDistanceM": 208.3,
        "analyticalAssignedAddresses": 27,
        "meanWalkingDistanceM": 148.6,
        "p95WalkingDistanceM": 205.9,
        "containersAt100AddressCapacity": 1,
        "containersAt75AddressCapacity": 1,
        "ownershipScreen": "municipal-parcel-at-anchor",
        "municipalParcelAtAnchor": true,
        "municipalParcelIdAtAnchor": "WMH00I525",
        "municipalParcelWithin25M": true,
        "ownershipAssessment": "positief op exacte pin, perceel WMH00I525",
        "aerialRating": "groen",
        "aerialAssessment": "Brede doorgaande asfaltweg met vrijliggende paden en een open driehoekige grasstrook noordelijk van de pin; water en bomen liggen op enige afstand.",
        "aerialHvcRouteAssessment": "De weg oogt geschikt voor een voorwaartse route en rechte voertuigopstelling. Verkeersveiligheid is het hoofdthema door de bocht en fietspaden.",
        "aerialConfidence": null,
        "localShiftInstruction": "Onderzoek de grasdriehoek circa 8-15 meter noord/noordwest van de pin, met bediening vanaf het rechte oost-west wegvak en behoud van zicht en fietsroute.",
        "warnings": [
          "verkeersbordpaal circa 4,5 meter",
          "boom circa 6,4 meter",
          "waterloop circa 9,7 meter",
          "bocht en fietspaden"
        ],
        "requiredFieldChecks": [
          "verkeersveiligheidsplan",
          "water- en boomafstand",
          "kabelkast en KLIC",
          "stempelbelasting",
          "HVC-kraanbereik"
        ],
        "vehicleAccessScreen": {
          "positive": true,
          "nearestRouteDistanceM": 0,
          "highway": "tertiary",
          "routeName": "Debbemeerweg",
          "access": null,
          "service": null
        },
        "nearestPublishedRestLocation": {
          "id": "WH30",
          "address": "Molenaarweg 1",
          "distanceM": 137.9
        },
        "status": "search-zone-anchor-not-build-pin"
      }
    },
    {
      "type": "Feature",
      "id": "site-39",
      "geometry": {
        "type": "Point",
        "coordinates": [
          4.734113,
          52.719871
        ]
      },
      "properties": {
        "site": 39,
        "searchZoneAddress": "Oudewal 1",
        "street": "Oudewal",
        "latitude": 52.719871,
        "longitude": 4.734113,
        "modelMaximumWalkingDistanceM": 225,
        "siteModelMaximumWalkingDistanceM": 196.5,
        "analyticalAssignedAddresses": 51,
        "meanWalkingDistanceM": 97.1,
        "p95WalkingDistanceM": 186.8,
        "containersAt100AddressCapacity": 1,
        "containersAt75AddressCapacity": 1,
        "ownershipScreen": "municipal-parcel-at-anchor",
        "municipalParcelAtAnchor": true,
        "municipalParcelIdAtAnchor": "WMH00G702",
        "municipalParcelWithin25M": true,
        "ownershipAssessment": "positief op exacte pin, perceel WMH00G702",
        "aerialRating": "rood",
        "aerialAssessment": "Zeer krappe kruising in woon- en bedrijfsweefsel, met afsluitpaal, erven, hagen en gebouwen rondom; de pin ligt op klinkerrijbaan.",
        "aerialHvcRouteAssessment": "De afsluitpaal en straatgeometrie suggereren beperkte of niet-doorgaande toegang. Een 12 meter voertuig zou waarschijnlijk moeten steken of achteruitrijden.",
        "aerialConfidence": null,
        "localShiftInstruction": "Zoek 70-120 meter west of zuidwest aan de bredere Stationsstraat/Oudewal-rand of een bedrijfsterrein met openbare opstelzone.",
        "warnings": [
          "afsluitpaal circa 3 meter",
          "erf circa 4,7 meter",
          "pand circa 13,7 meter",
          "krappe bochten",
          "geen groot vrij plantvak"
        ],
        "requiredFieldChecks": [
          "doorgaandheid en afsluitregime",
          "alternatieve eigendom",
          "draaicirkel",
          "gevelafstand",
          "KLIC"
        ],
        "vehicleAccessScreen": {
          "positive": true,
          "nearestRouteDistanceM": 0,
          "highway": "residential",
          "routeName": "Dorpsstraat",
          "access": null,
          "service": null
        },
        "nearestPublishedRestLocation": {
          "id": "WH19",
          "address": "Zwartepad 32",
          "distanceM": 122.3
        },
        "status": "search-zone-anchor-not-build-pin"
      }
    },
    {
      "type": "Feature",
      "id": "site-40",
      "geometry": {
        "type": "Point",
        "coordinates": [
          4.739068,
          52.725478
        ]
      },
      "properties": {
        "site": 40,
        "searchZoneAddress": "Torenvenplein 8",
        "street": "Torenvenplein",
        "latitude": 52.725478,
        "longitude": 4.739068,
        "modelMaximumWalkingDistanceM": 225,
        "siteModelMaximumWalkingDistanceM": 219.1,
        "analyticalAssignedAddresses": 54,
        "meanWalkingDistanceM": 112.4,
        "p95WalkingDistanceM": 202.9,
        "containersAt100AddressCapacity": 1,
        "containersAt75AddressCapacity": 1,
        "ownershipScreen": "municipal-parcel-within-25m",
        "municipalParcelAtAnchor": false,
        "municipalParcelIdAtAnchor": null,
        "municipalParcelWithin25M": true,
        "ownershipAssessment": "negatief op exacte pin; wel gemeentelijke percelen binnen 25 meter volgens de eigendomsscreen",
        "aerialRating": "rood",
        "aerialAssessment": "Woonerf rond kerk of maatschappelijke bebouwing met veel volwassen bomen, parkeren en afsluitpaal; open ruimte is grotendeels groen of verblijfsgebied.",
        "aerialHvcRouteAssessment": "Toegang voor een lang voertuig is niet overtuigend door woonerfkarakter, afsluitpaal en bomen; keren zonder achteruitrijden is onzeker.",
        "aerialConfidence": null,
        "localShiftInstruction": "Verplaats de zoekzone 50-90 meter oost/noordoost naar een bredere openbare Dorpsstraat- of Dergmeerweg-rand op gemeentelijke grond.",
        "warnings": [
          "modelpunt ligt niet exact op gemeentegrond",
          "afsluitpaal circa 4,1 meter",
          "boom circa 10,1 meter en meerdere kronen zichtbaar",
          "hek circa 9 meter",
          "woonerf",
          "privaat of niet-gemeentelijk perceel"
        ],
        "requiredFieldChecks": [
          "eigendom",
          "toegangsregime",
          "monumentale bomen",
          "draaicirkel",
          "HVC-route"
        ],
        "vehicleAccessScreen": {
          "positive": true,
          "nearestRouteDistanceM": 0,
          "highway": "residential",
          "routeName": "Torenvenplein",
          "access": null,
          "service": null
        },
        "nearestPublishedRestLocation": {
          "id": "WH08",
          "address": "Dorpsstraat 89",
          "distanceM": 4.8
        },
        "status": "search-zone-anchor-not-build-pin"
      }
    },
    {
      "type": "Feature",
      "id": "site-41",
      "geometry": {
        "type": "Point",
        "coordinates": [
          4.75024,
          52.725928
        ]
      },
      "properties": {
        "site": 41,
        "searchZoneAddress": "Baljuw 1",
        "street": "Baljuw",
        "latitude": 52.725928,
        "longitude": 4.75024,
        "modelMaximumWalkingDistanceM": 225,
        "siteModelMaximumWalkingDistanceM": 188.6,
        "analyticalAssignedAddresses": 52,
        "meanWalkingDistanceM": 120.5,
        "p95WalkingDistanceM": 173.1,
        "containersAt100AddressCapacity": 1,
        "containersAt75AddressCapacity": 1,
        "ownershipScreen": "municipal-parcel-at-anchor",
        "municipalParcelAtAnchor": true,
        "municipalParcelIdAtAnchor": "WMH00I1012",
        "municipalParcelWithin25M": true,
        "ownershipAssessment": "positief op exacte pin, perceel WMH00I1012",
        "aerialRating": "rood",
        "aerialAssessment": "Nieuwe woonbuurt; pin ligt op smalle klinkerrijbaan direct naast groen, boom, overkapping, woning en water.",
        "aerialHvcRouteAssessment": "De zijstraten en waterstructuur maken een 12 meter route en keerbeweging onzeker; opstellen blokkeert de woonstraat en vrije hijsruimte ontbreekt.",
        "aerialConfidence": null,
        "localShiftInstruction": "Zoek 60-100 meter west of noordwest bij een bredere buurtentree of nog onbebouwde openbare rand, buiten water- en boomzone.",
        "warnings": [
          "boom circa 3,9 meter",
          "overkapping circa 5,4 meter",
          "pand circa 7,2 meter",
          "waterloop circa 8,9 meter",
          "smalle wijkstraat"
        ],
        "requiredFieldChecks": [
          "as-built verkeersplan",
          "keerlus",
          "waterafstand",
          "boomprojectie",
          "HVC-route"
        ],
        "vehicleAccessScreen": {
          "positive": true,
          "nearestRouteDistanceM": 0,
          "highway": "residential",
          "routeName": "Baljuw",
          "access": null,
          "service": null
        },
        "nearestPublishedRestLocation": {
          "id": "WH05",
          "address": "Kuipersven 36",
          "distanceM": 159
        },
        "status": "search-zone-anchor-not-build-pin"
      }
    },
    {
      "type": "Feature",
      "id": "site-42",
      "geometry": {
        "type": "Point",
        "coordinates": [
          4.72668,
          52.715879
        ]
      },
      "properties": {
        "site": 42,
        "searchZoneAddress": "Oudevaart 89",
        "street": "Oudevaart",
        "latitude": 52.715879,
        "longitude": 4.72668,
        "modelMaximumWalkingDistanceM": 225,
        "siteModelMaximumWalkingDistanceM": 224.5,
        "analyticalAssignedAddresses": 1,
        "meanWalkingDistanceM": 224.5,
        "p95WalkingDistanceM": 224.5,
        "containersAt100AddressCapacity": 1,
        "containersAt75AddressCapacity": 1,
        "ownershipScreen": "municipal-parcel-at-anchor",
        "municipalParcelAtAnchor": true,
        "municipalParcelIdAtAnchor": "WMH00H1719",
        "municipalParcelWithin25M": true,
        "ownershipAssessment": "positief op exacte pin, perceel WMH00H1719",
        "aerialRating": "groen",
        "aerialAssessment": "Brede doorgaande asfaltweg met grasberm en zijweg; ten oosten ligt een parkeerterrein, ten westen open land. De pin ligt op de rijbaan.",
        "aerialHvcRouteAssessment": "Een voorwaartse route voor zwaar verkeer en een rechte opstelpositie zijn duidelijk plausibel. Opstellen mag de provinciale of doorgaande verkeersfunctie niet onveilig hinderen.",
        "aerialConfidence": null,
        "localShiftInstruction": "Onderzoek circa 10-20 meter oost/zuidoost, aan de parkeerterreinzijde van de zijweg, zodat de container vanaf de zijweg kan worden bediend en niet vanaf de doorgaande rijbaan.",
        "warnings": [
          "grote BAG-netwerksnap van 61.4 m",
          "verkeersbordpaal circa 7,8 meter",
          "boom circa 8,2 meter",
          "greppel of droge sloot circa 14 meter",
          "kruising en fietsstrook"
        ],
        "requiredFieldChecks": [
          "wegbeheerder",
          "verkeersbesluit en opstelvak",
          "greppel",
          "boomkronen",
          "KLIC"
        ],
        "vehicleAccessScreen": {
          "positive": true,
          "nearestRouteDistanceM": 0,
          "highway": "unclassified",
          "routeName": "Oudevaart",
          "access": null,
          "service": null
        },
        "nearestPublishedRestLocation": {
          "id": "WH22",
          "address": "Oudevaart 87",
          "distanceM": 101.3
        },
        "status": "search-zone-anchor-not-build-pin"
      }
    },
    {
      "type": "Feature",
      "id": "site-43",
      "geometry": {
        "type": "Point",
        "coordinates": [
          4.734133,
          52.725182
        ]
      },
      "properties": {
        "site": 43,
        "searchZoneAddress": "Veilingweg 70D",
        "street": "Veilingweg",
        "latitude": 52.725182,
        "longitude": 4.734133,
        "modelMaximumWalkingDistanceM": 225,
        "siteModelMaximumWalkingDistanceM": 0,
        "analyticalAssignedAddresses": 1,
        "meanWalkingDistanceM": 0,
        "p95WalkingDistanceM": 0,
        "containersAt100AddressCapacity": 1,
        "containersAt75AddressCapacity": 1,
        "ownershipScreen": "no-municipal-parcel-within-25m",
        "municipalParcelAtAnchor": false,
        "municipalParcelIdAtAnchor": null,
        "municipalParcelWithin25M": false,
        "ownershipAssessment": "negatief op exacte pin; geen gemeentelijk perceel binnen 25 meter in de openbare eigendomsscreen",
        "aerialRating": "rood",
        "aerialAssessment": "Exacte pin ligt op een druk bezet parkeerterrein of erf bij een groot bedrijfsgebouw, met rijen auto's en bouwland direct zuidelijk.",
        "aerialHvcRouteAssessment": "Een zwaar voertuig kan het terrein wellicht bereiken, maar de exacte pin is operationeel ongeschikt door parkeerbezetting, private erffunctie en gebrek aan gegarandeerde vrije hijszone.",
        "aerialConfidence": null,
        "localShiftInstruction": "Zoek 20-40 meter noord/oost aan de openbare Veilingweg-rand of een aantoonbaar gemeentelijk hoekvak; vermijd het parkeerterrein en het agrarische perceel.",
        "warnings": [
          "geen gemeentelijk perceel binnen 25 m in openbare screen",
          "grote BAG-netwerksnap van 92.9 m",
          "parkeren rondom de pin",
          "erf in plaats van openbare weg",
          "niet-gemeentelijke exacte pin",
          "hijsen over auto's",
          "onduidelijke openbare toegang"
        ],
        "requiredFieldChecks": [
          "exacte gemeentelijke alternatieve pin",
          "parkeerregime",
          "openbare toegankelijkheid",
          "vrije hijszone",
          "HVC-route"
        ],
        "vehicleAccessScreen": {
          "positive": true,
          "nearestRouteDistanceM": 0,
          "highway": "service",
          "routeName": null,
          "access": null,
          "service": "parking_aisle"
        },
        "nearestPublishedRestLocation": {
          "id": "WH13",
          "address": "Alingterp 2",
          "distanceM": 215.2
        },
        "status": "search-zone-anchor-not-build-pin"
      }
    }
  ]
}
